Date,News mentions,Blog mentions,Policy mentions,Patent mentions,X mentions,Peer review mentions,Weibo mentions,Facebook mentions,Wikipedia mentions,Google+ mentions,LinkedIn mentions,Reddit mentions,Pinterest mentions,F1000 mentions,Q&A mentions,Clinical guidelines mentions,Bluesky mentions,Podcast mentions
2012-03-21,0,1,0,0,0,0,0,0,0,0,0,0,0,0,0,0,0,0
2013-06-25,0,0,1,0,0,0,0,0,0,0,0,0,0,0,0,0,0,0
2013-11-04,0,0,0,0,1,0,0,0,0,0,0,0,0,0,0,0,0,0
2015-07-07,0,0,0,0,0,0,0,0,0,0,0,1,0,0,0,0,0,0
2015-07-08,0,0,0,0,1,0,0,0,0,0,0,0,0,0,0,0,0,0
2015-07-29,0,1,0,0,0,0,0,0,0,0,0,0,0,0,0,0,0,0
2015-09-01,0,1,0,0,0,0,0,0,0,0,0,0,0,0,0,0,0,0
2015-12-31,1,0,0,0,0,0,0,0,0,0,0,0,0,0,0,0,0,0
2016-01-01,1,0,2,0,0,0,0,0,0,0,0,0,0,0,0,0,0,0
2016-01-04,4,0,0,0,11,0,0,0,0,0,0,0,0,0,0,0,0,0
2016-01-05,9,0,0,0,72,0,0,1,0,1,0,2,0,0,0,0,0,0
2016-01-06,2,1,0,0,96,0,0,2,0,0,0,2,0,0,0,0,0,0
2016-01-07,3,0,0,0,40,0,0,2,0,2,0,2,0,0,0,0,0,0
2016-01-08,3,0,0,0,22,0,0,0,0,0,0,0,0,0,0,0,0,0
2016-01-09,2,0,0,0,21,0,0,0,0,0,0,0,0,0,0,0,0,0
2016-01-10,2,0,0,0,2,0,0,0,0,0,0,0,0,0,0,0,0,0
2016-01-11,0,0,0,0,17,0,0,2,0,0,0,0,0,0,0,0,0,0
2016-01-12,3,0,0,0,7,0,0,0,0,0,0,1,0,0,0,0,0,0
2016-01-13,1,0,0,0,18,0,0,3,0,0,0,0,0,0,0,0,0,0
2016-01-14,2,0,0,0,6,0,0,0,0,0,0,0,0,0,0,0,0,0
2016-01-15,5,1,0,0,8,0,0,0,0,0,0,0,0,0,0,0,0,0
2016-01-16,2,1,0,0,1,0,0,0,0,0,0,0,0,0,0,0,0,0
2016-01-17,1,0,0,0,16,0,0,2,0,1,0,0,0,0,0,0,0,0
2016-01-18,1,0,0,0,22,0,0,0,0,0,0,0,0,0,0,0,0,0
2016-01-19,0,0,0,0,5,0,0,0,0,0,0,0,0,0,0,0,0,0
2016-01-20,1,0,0,0,19,0,0,1,0,0,0,0,0,0,0,0,0,0
2016-01-21,1,0,0,0,10,0,0,0,0,0,0,0,0,0,0,0,0,0
2016-01-22,0,0,0,0,1,0,0,0,0,0,0,0,0,0,0,0,0,0
2016-01-23,0,0,0,0,1,0,0,0,0,0,0,1,0,0,0,0,0,0
2016-01-24,0,0,0,0,0,0,0,0,0,0,0,1,0,0,0,0,0,0
2016-01-25,0,0,0,0,2,0,0,0,0,0,0,0,0,0,0,0,0,0
2016-01-26,0,0,0,0,6,0,0,0,0,3,0,3,0,0,0,0,0,0
2016-01-27,0,0,0,0,8,0,0,0,0,3,0,0,0,0,0,0,0,0
2016-01-28,0,0,0,0,1,0,0,0,0,0,0,1,0,0,0,0,0,0
2016-01-29,0,2,0,0,7,0,0,0,0,0,0,1,0,0,0,0,0,0
2016-01-30,0,0,0,0,2,0,0,0,0,0,0,0,0,0,0,0,0,0
2016-01-31,0,0,0,0,1,0,0,0,0,0,0,0,0,0,0,0,0,0
2016-02-01,0,0,0,0,3,0,0,0,0,0,0,0,0,0,0,0,0,0
2016-02-02,0,0,0,0,46,0,0,0,0,0,0,0,0,0,0,0,0,0
2016-02-03,1,0,0,0,12,0,0,0,0,0,0,0,0,0,0,0,0,0
2016-02-04,0,0,0,0,16,0,0,0,0,0,0,0,0,0,0,0,0,0
2016-02-05,0,0,0,0,3,0,0,0,0,0,0,0,0,0,0,0,0,0
2016-02-06,0,0,0,0,2,0,0,0,0,0,0,0,0,0,0,0,0,0
2016-02-09,0,0,0,0,2,0,0,0,0,0,0,0,0,0,0,0,0,0
2016-02-12,0,1,0,0,1,0,0,0,0,0,0,0,0,0,0,0,0,0
2016-02-13,0,0,0,0,10,0,0,0,0,0,0,0,0,0,0,0,0,0
2016-02-16,0,0,0,0,1,0,0,0,0,0,0,0,0,0,0,0,0,0
2016-02-20,0,0,0,0,1,0,0,0,0,0,0,0,0,0,0,0,0,0
2016-02-21,0,0,0,0,3,0,0,0,0,0,0,0,0,0,0,0,0,0
2016-02-22,0,0,0,0,1,0,0,0,0,0,0,0,0,0,0,0,0,0
2016-02-23,0,0,0,0,1,0,0,0,0,0,0,0,0,0,0,0,0,0
2016-02-25,0,0,0,0,3,0,0,0,0,0,0,0,0,0,0,0,0,0
2016-02-26,0,0,0,0,2,0,0,0,0,0,0,0,0,0,0,0,0,0
2016-02-27,0,0,0,0,2,0,0,0,0,0,0,0,0,0,0,0,0,0
2016-02-28,0,0,0,0,1,0,0,0,0,0,0,0,0,0,0,0,0,0
2016-03-01,1,1,0,0,1,0,0,0,0,0,0,0,0,0,0,0,0,0
2016-03-02,0,0,0,0,2,0,0,0,0,0,0,0,0,0,0,0,0,0
2016-03-03,2,0,0,0,0,0,0,0,0,0,0,0,0,0,0,0,0,0
2016-03-04,2,0,0,0,0,0,0,0,0,0,0,0,0,0,0,0,0,0
2016-03-06,0,0,0,0,1,0,0,0,0,0,0,0,0,0,0,0,0,0
2016-03-07,0,0,0,0,1,0,0,0,0,0,0,0,0,0,0,0,0,0
2016-03-09,1,0,0,0,0,0,0,0,0,0,0,0,0,0,0,0,0,0
2016-03-11,0,0,0,0,1,0,0,0,0,0,0,0,0,0,0,0,0,0
2016-03-12,0,0,0,0,1,0,0,0,0,0,0,0,0,0,0,0,0,0
2016-03-13,0,0,0,0,1,0,0,0,0,0,0,0,0,0,0,0,0,0
2016-03-15,0,0,0,0,1,0,0,0,0,0,0,0,0,0,0,0,0,0
2016-03-16,0,0,0,0,1,0,0,0,0,0,0,0,0,0,0,0,0,0
2016-03-17,0,0,0,0,1,0,0,0,0,0,0,0,0,0,0,0,0,0
2016-03-18,0,0,0,0,1,0,0,0,0,0,0,0,0,0,0,0,0,0
2016-03-21,0,0,0,0,2,0,0,0,0,1,0,0,0,0,0,0,0,0
2016-03-23,0,0,0,0,1,0,0,0,0,0,0,1,0,0,0,0,0,0
2016-03-26,0,0,0,0,0,0,0,0,0,1,0,0,0,0,0,0,0,0
2016-03-29,1,0,0,0,1,0,0,0,0,0,0,0,0,0,0,0,0,0
2016-03-30,1,0,0,0,0,0,0,0,0,0,0,0,0,0,0,0,0,0
2016-04-04,1,0,0,0,0,0,0,0,0,0,0,0,0,0,0,0,0,0
2016-04-06,0,0,0,0,0,0,0,0,0,0,0,1,0,0,0,0,0,0
2016-04-07,0,1,0,0,0,0,0,0,0,0,0,0,0,0,0,0,0,0
2016-04-08,0,0,0,0,1,0,0,0,0,0,0,0,0,0,0,0,0,0
2016-04-11,0,0,0,0,0,0,0,2,0,0,0,0,0,0,0,0,0,0
2016-04-13,0,0,1,0,1,0,0,0,0,0,0,0,0,0,0,0,0,0
2016-04-15,1,1,0,0,3,0,0,1,0,0,0,0,0,0,0,0,0,0
2016-04-16,0,1,0,0,0,0,0,0,0,0,0,0,0,0,0,0,0,0
2016-04-18,0,0,0,0,1,0,0,0,0,0,0,0,0,0,0,0,0,0
2016-04-24,0,0,0,0,4,0,0,0,0,0,0,0,0,0,0,0,0,0
2016-04-25,0,0,0,0,6,0,0,0,0,0,0,0,0,0,0,0,0,0
2016-04-30,0,0,0,0,1,0,0,0,0,0,0,0,0,0,0,0,0,0
2016-05-03,1,0,0,0,0,0,0,0,0,0,0,0,0,0,0,0,0,0
2016-05-06,0,1,0,0,0,0,0,0,0,0,0,0,0,0,0,0,0,0
2016-05-09,1,0,0,0,0,0,0,0,0,0,0,0,0,0,0,0,0,0
2016-05-10,1,0,0,0,3,0,0,0,0,0,0,0,0,0,0,0,0,0
2016-05-11,0,1,0,0,0,0,0,0,0,0,0,0,0,0,0,0,0,0
2016-05-12,0,0,0,0,0,0,0,0,0,0,0,1,0,0,0,0,0,0
2016-05-17,0,0,0,0,1,0,0,0,0,0,0,0,0,0,0,0,0,0
2016-05-18,1,0,0,0,0,0,0,0,0,0,0,1,0,0,0,0,0,0
2016-05-24,1,0,0,0,0,0,0,0,0,0,0,0,0,0,0,0,0,0
2016-06-02,0,0,0,0,1,0,0,0,0,0,0,0,0,0,0,0,0,0
2016-06-09,0,0,0,0,1,0,0,0,0,0,0,0,0,0,0,0,0,0
2016-06-10,1,0,0,0,0,0,0,0,0,0,0,0,0,0,0,0,0,0
2016-06-13,1,0,0,0,0,0,0,0,0,0,0,0,0,0,0,0,0,0
2016-06-14,0,0,0,0,1,0,0,0,0,0,0,0,0,0,0,0,0,0
2016-06-16,0,0,0,0,2,0,0,0,0,0,0,0,0,0,0,0,0,0
2016-06-17,0,0,0,0,2,0,0,0,0,0,0,0,0,0,0,0,0,0
2016-06-18,0,0,0,0,1,0,0,0,0,0,0,0,0,0,0,0,0,0
2016-06-21,0,0,0,0,1,0,0,0,0,0,0,0,0,0,0,0,0,0
2016-06-25,0,0,0,0,1,0,0,2,0,0,0,0,0,0,0,0,0,0
2016-07-04,1,0,0,0,1,0,0,0,0,0,0,0,0,0,0,0,0,0
2016-07-05,1,0,0,0,0,0,0,0,0,0,0,0,0,0,0,0,0,0
2016-07-06,1,0,0,0,0,0,0,0,0,0,0,0,0,0,0,0,0,0
2016-07-08,0,1,0,0,0,0,0,0,0,0,0,0,0,0,0,0,0,0
2016-07-16,0,0,0,0,1,0,0,0,0,0,0,0,0,0,0,0,0,0
2016-07-19,0,0,0,0,1,0,0,0,0,0,0,0,0,0,0,0,0,0
2016-07-20,0,0,0,0,1,0,0,0,0,0,0,0,0,0,0,0,0,0
2016-07-21,0,0,0,0,5,0,0,0,0,0,0,0,0,0,0,0,0,0
2016-07-22,0,0,0,0,1,0,0,0,0,0,0,0,0,0,0,0,0,0
2016-07-28,0,0,0,0,1,0,0,0,0,0,0,0,0,0,0,0,0,0
2016-07-29,0,0,0,0,3,0,0,0,0,0,0,0,0,0,0,0,0,0
2016-07-30,0,0,0,0,1,0,0,0,0,0,0,0,0,0,0,0,0,0
2016-07-31,0,0,0,0,1,0,0,0,0,0,0,0,0,0,0,0,0,0
2016-08-08,0,0,0,0,1,0,0,0,0,0,0,0,0,0,0,0,0,0
2016-08-13,0,0,0,0,2,0,0,0,0,0,0,0,0,0,0,0,0,0
2016-08-14,0,0,0,0,0,0,0,0,0,1,0,0,0,0,0,0,0,0
2016-08-15,0,0,0,0,0,0,0,0,0,1,0,0,0,0,0,0,0,0
2016-08-18,1,0,0,0,0,0,0,0,0,0,0,0,0,0,0,0,0,0
2016-08-19,2,0,0,0,0,0,0,0,0,0,0,0,0,0,0,0,0,0
2016-08-21,0,0,0,0,1,0,0,0,0,0,0,0,0,0,0,0,0,0
2016-08-26,0,0,0,0,2,0,0,0,0,0,0,0,0,0,0,0,0,0
2016-09-01,1,1,0,0,0,0,0,0,0,0,0,0,0,0,0,0,0,0
2016-09-04,0,0,0,0,2,0,0,0,0,0,0,0,0,0,0,0,0,0
2016-09-14,0,0,0,0,2,0,0,0,0,0,0,0,0,0,0,0,0,0
2016-09-16,0,0,0,0,1,0,0,0,0,0,0,0,0,0,0,0,0,0
2016-09-19,0,0,0,0,0,0,0,1,0,0,0,0,0,0,0,0,0,0
2016-09-21,0,0,0,0,0,1,0,0,0,0,0,0,0,0,0,0,0,0
2016-10-02,0,0,0,0,1,0,0,0,0,0,0,0,0,0,0,0,0,0
2016-10-12,1,0,0,0,0,0,0,0,0,0,0,0,0,0,0,0,0,0
2016-10-13,0,0,0,0,2,0,0,0,1,0,0,0,0,0,0,0,0,0
2016-10-14,0,0,0,0,9,0,0,0,0,1,0,0,0,0,0,0,0,0
2016-10-15,0,0,0,0,1,0,0,0,0,0,0,0,0,0,0,0,0,0
2016-10-16,0,0,0,0,2,0,0,0,0,0,0,0,0,0,0,0,0,0
2016-10-17,0,0,0,0,4,0,0,0,0,0,0,0,0,0,0,0,0,0
2016-10-18,0,0,0,0,1,0,0,0,0,0,0,0,0,0,0,0,0,0
2016-10-20,0,0,0,0,1,0,0,0,0,0,0,0,0,0,0,0,0,0
2016-10-26,0,0,0,0,1,0,0,0,0,0,0,0,0,0,0,0,0,0
2016-10-29,0,0,0,0,0,0,0,0,1,0,0,0,0,0,0,0,0,0
2016-11-02,1,1,0,0,0,0,0,0,0,0,0,0,0,0,0,0,0,0
2016-11-09,2,0,0,0,0,0,0,0,0,0,0,0,0,0,0,0,0,0
2016-11-11,1,0,0,0,1,0,0,0,0,0,0,0,0,0,0,0,0,0
2016-11-12,0,0,0,0,1,0,0,0,0,0,0,0,0,0,0,0,0,0
2016-11-13,2,0,0,0,0,0,0,0,0,0,0,0,0,0,0,0,0,0
2016-11-15,0,0,0,0,3,0,0,0,0,0,0,0,0,0,0,0,0,0
2016-11-16,0,0,0,0,2,0,0,1,0,0,0,0,0,0,0,0,0,0
2016-11-17,1,0,0,0,3,0,0,0,0,0,0,0,0,0,0,0,0,0
2016-11-23,0,0,0,0,4,0,0,0,0,0,0,0,0,0,0,0,0,0
2016-11-24,0,0,0,0,1,0,0,0,0,0,0,0,0,0,0,0,0,0
2016-11-25,0,0,0,0,1,0,0,0,0,0,0,0,0,0,0,0,0,0
2016-11-26,0,0,0,0,1,0,0,0,0,0,0,0,0,0,0,0,0,0
2016-11-28,5,0,0,0,0,0,0,0,0,0,0,0,0,0,0,0,0,0
2016-11-29,3,1,0,0,0,0,0,0,0,0,0,0,0,0,0,0,0,0
2016-11-30,0,0,0,0,2,0,0,0,0,0,0,0,0,0,0,0,0,0
2016-12-05,0,0,0,0,1,0,0,0,0,0,0,0,0,0,0,0,0,0
2016-12-06,6,1,0,0,2,0,0,0,0,0,0,0,0,0,0,0,0,0
2016-12-09,0,0,0,0,1,0,0,0,0,0,0,0,0,0,0,0,0,0
2016-12-10,1,0,0,0,0,0,0,0,0,0,0,0,0,0,0,0,0,0
2016-12-11,1,0,0,0,0,0,0,0,0,0,0,0,0,0,0,0,0,0
2016-12-12,1,1,0,0,0,0,0,0,0,0,0,0,0,0,0,0,0,0
2016-12-14,0,1,0,0,1,0,0,0,0,0,0,0,0,0,0,0,0,0
2016-12-15,0,0,0,0,1,0,0,0,0,0,0,0,0,0,0,0,0,0
2016-12-18,0,0,0,0,0,0,0,0,1,0,0,0,0,0,0,0,0,0
2016-12-27,2,0,0,0,0,0,0,0,0,0,0,0,0,0,0,0,0,0
2016-12-30,0,0,0,0,1,0,0,0,0,0,0,0,0,0,0,0,0,0
2016-12-31,1,1,0,0,2,0,0,0,0,0,0,0,0,0,0,0,0,0
2017-01-01,0,0,0,0,1,0,0,0,0,0,0,0,0,0,0,0,0,0
2017-01-03,11,4,0,0,1,0,0,0,0,0,0,0,0,0,0,0,0,0
2017-01-04,4,0,0,0,0,0,0,1,0,0,0,0,0,0,0,0,0,0
2017-01-05,1,0,0,0,0,0,0,1,0,1,0,0,0,0,0,0,0,0
2017-01-06,1,0,0,0,0,0,0,0,0,0,0,0,0,0,0,0,0,0
2017-01-08,1,0,0,0,0,0,0,0,0,0,0,0,0,0,0,0,0,0
2017-01-09,0,0,0,0,1,0,0,0,0,0,0,0,0,0,0,0,0,0
2017-01-10,1,1,0,0,0,0,0,1,0,0,0,0,0,0,0,0,0,0
2017-01-11,2,1,1,0,1,0,0,0,0,0,0,0,0,0,0,0,0,0
2017-01-12,0,0,0,0,3,0,0,0,0,0,0,0,0,0,0,0,0,0
2017-01-22,8,0,0,0,1,0,0,0,0,0,0,1,0,0,0,0,0,0
2017-01-23,57,2,0,0,182,0,0,3,0,6,0,14,0,0,0,0,1,0
2017-01-24,20,3,0,0,37,0,0,3,0,2,0,1,0,0,0,0,0,0
2017-01-25,6,1,0,0,34,0,0,2,1,1,0,0,0,0,0,0,0,0
2017-01-26,6,2,0,0,20,0,0,1,0,0,0,1,0,0,0,0,0,0
2017-01-27,3,0,0,0,14,0,0,1,1,1,0,3,0,0,0,0,0,0
2017-01-28,3,1,0,0,3,0,0,0,0,0,0,0,0,0,0,0,0,0
2017-01-29,1,0,0,0,2,0,0,0,0,0,0,0,0,0,0,0,0,0
2017-01-30,0,0,0,0,4,0,0,0,0,1,0,1,0,0,0,0,0,0
2017-01-31,3,1,0,0,2,0,0,2,0,0,0,0,0,0,0,0,0,0
2017-02-01,0,1,0,0,3,0,0,0,0,0,0,0,0,0,0,0,0,0
2017-02-02,1,0,0,0,2,0,0,0,0,0,0,1,0,0,0,0,0,0
2017-02-03,1,0,0,0,5,0,0,0,0,0,0,0,0,0,0,0,0,0
2017-02-04,0,0,0,0,1,0,0,0,0,0,0,0,0,0,0,0,0,0
2017-02-06,0,0,0,0,1,0,0,1,0,0,0,0,0,0,0,0,0,0
2017-02-07,0,1,0,0,0,0,0,0,0,0,0,0,0,0,0,0,0,0
2017-02-08,1,0,0,0,1,0,0,0,0,0,0,0,0,0,0,0,0,0
2017-02-09,1,1,0,0,0,0,0,0,0,0,0,2,0,0,0,0,0,0
2017-02-10,0,0,0,0,1,0,0,0,0,0,0,0,0,0,0,0,0,0
2017-02-11,4,0,0,0,0,0,0,0,0,0,0,0,0,0,0,0,0,0
2017-02-12,0,0,0,0,0,0,0,1,0,0,0,0,0,0,0,0,0,0
2017-02-15,0,0,0,0,3,0,0,1,0,0,0,0,0,0,0,0,0,0
2017-02-16,0,0,0,0,2,0,0,0,0,0,0,0,0,0,0,0,0,0
2017-02-17,0,0,0,0,2,0,0,0,0,0,0,0,0,0,0,0,0,0
2017-02-19,0,0,0,0,13,0,0,0,0,0,0,0,0,0,0,0,0,0
2017-02-20,0,0,0,0,9,0,0,0,0,0,0,0,0,0,0,0,0,0
2017-02-21,0,0,0,0,5,0,0,0,0,0,0,0,0,0,0,0,0,0
2017-02-22,0,0,0,0,1,0,0,0,0,0,0,0,0,0,0,0,0,0
2017-02-25,0,0,0,0,3,0,0,0,0,0,0,0,0,0,0,0,0,0
2017-02-27,0,0,0,0,3,0,0,0,0,0,0,0,0,0,0,0,0,0
2017-02-28,2,0,0,0,0,0,0,0,0,0,0,0,0,0,0,0,0,0
2017-03-01,11,1,0,0,89,0,0,2,0,0,0,0,0,0,0,0,0,0
2017-03-02,0,0,0,0,69,0,0,2,0,0,0,7,0,0,0,0,0,0
2017-03-03,0,0,0,0,11,0,0,0,0,0,0,1,0,0,0,0,0,0
2017-03-04,0,0,0,0,25,0,0,0,0,0,0,1,0,0,0,0,0,0
2017-03-05,0,0,0,0,24,0,0,5,0,0,0,0,0,0,0,0,0,0
2017-03-06,3,0,0,0,23,0,0,0,0,0,0,0,0,0,0,0,0,0
2017-03-07,1,0,0,0,5,0,0,0,0,0,0,1,0,0,0,0,0,0
2017-03-08,0,1,0,0,2,0,0,0,0,0,0,1,0,0,0,0,0,0
2017-03-09,3,0,0,0,4,0,0,0,0,0,0,0,0,0,0,0,0,0
2017-03-10,1,1,0,0,1,0,0,0,0,0,0,0,0,0,0,0,0,0
2017-03-11,1,0,0,0,1,0,0,0,0,0,0,0,0,0,0,0,0,0
2017-03-12,0,0,0,0,9,0,0,0,0,0,0,1,0,0,0,0,0,0
2017-03-13,2,0,0,0,9,0,0,0,0,0,0,1,0,0,0,0,0,0
2017-03-14,1,0,0,0,3,0,0,0,0,0,0,0,0,0,0,0,0,0
2017-03-15,0,0,0,0,2,0,0,0,0,0,0,0,0,0,0,0,0,0
2017-03-19,0,0,0,0,3,0,0,0,0,0,0,0,0,0,0,0,0,0
2017-03-20,1,0,0,0,8,0,0,0,0,0,0,0,0,0,0,0,0,0
2017-03-21,0,0,0,0,75,0,0,0,0,0,0,1,0,0,0,0,0,0
2017-03-22,0,0,0,0,44,0,0,0,0,0,0,0,0,0,0,0,0,0
2017-03-23,1,0,0,0,11,0,0,0,0,0,0,0,0,0,0,0,0,0
2017-03-24,0,0,0,0,9,0,0,0,0,0,0,0,0,0,0,0,0,0
2017-03-25,0,1,0,0,3,0,0,0,0,0,0,0,0,0,0,0,0,0
2017-03-26,0,0,0,0,9,0,0,0,1,0,0,0,0,0,0,0,0,0
2017-03-27,0,0,0,0,2,0,0,0,0,0,0,1,0,0,0,0,0,0
2017-03-28,0,0,0,0,2,0,0,1,0,0,0,0,0,0,0,0,0,0
2017-03-30,0,0,0,0,1,0,0,0,0,0,0,0,0,0,0,0,0,0
2017-03-31,0,0,0,0,1,0,0,0,0,0,0,0,0,0,0,0,0,0
2017-04-01,0,0,0,0,4,0,0,0,0,0,0,0,0,0,0,0,0,0
2017-04-03,0,0,0,0,2,0,0,1,0,0,0,0,0,0,0,0,0,0
2017-04-04,0,0,0,0,1,0,0,0,0,0,0,0,0,0,0,0,0,0
2017-04-05,0,2,0,0,4,0,0,0,0,0,0,0,0,0,0,0,0,0
2017-04-07,0,0,0,0,1,0,0,0,0,0,0,0,0,0,0,0,0,0
2017-04-10,2,0,0,0,0,0,0,0,0,0,0,0,0,0,0,0,0,0
2017-04-11,0,1,0,0,0,0,0,0,0,0,0,1,0,0,0,0,0,0
2017-04-13,0,0,0,0,3,0,0,0,0,0,0,0,0,0,0,0,0,0
2017-04-20,0,0,0,0,1,0,0,0,0,0,0,0,0,0,0,0,0,0
2017-04-21,0,0,0,0,2,0,0,0,0,0,0,0,0,0,0,0,0,0
2017-04-24,0,0,0,0,1,0,0,0,0,0,0,0,0,0,0,0,0,0
2017-04-25,0,0,0,0,4,0,0,0,0,0,0,0,0,0,0,0,0,0
2017-04-29,0,0,0,0,1,0,0,0,0,0,0,0,0,0,0,0,0,0
2017-04-30,0,0,0,0,1,0,0,0,0,0,0,0,0,0,0,0,0,0
2017-05-01,2,1,0,0,0,0,0,0,0,0,0,0,0,0,0,0,0,0
2017-05-03,0,0,0,0,2,0,0,0,0,0,0,0,0,0,0,0,0,0
2017-05-06,0,0,0,0,1,0,0,0,0,0,0,0,0,0,0,0,0,0
2017-05-08,4,0,0,0,24,0,0,0,0,0,0,3,0,0,0,0,0,0
2017-05-09,0,0,0,0,10,0,0,1,0,0,0,1,0,0,0,0,0,0
2017-05-10,2,2,0,0,16,0,0,3,0,0,0,1,0,0,0,0,0,0
2017-05-11,0,0,0,0,2,0,0,0,0,0,0,0,0,0,0,0,0,0
2017-05-12,0,0,0,0,2,0,0,0,0,0,0,0,0,0,0,0,0,0
2017-05-13,0,0,0,0,15,0,0,1,0,0,0,1,0,0,0,0,0,0
2017-05-14,0,0,0,0,7,0,0,0,0,0,0,0,0,0,0,0,0,0
2017-05-15,10,4,0,0,7,0,0,0,0,0,0,1,0,0,0,0,0,0
2017-05-16,0,0,0,0,4,0,0,1,0,0,0,0,0,0,0,0,0,0
2017-05-17,0,0,0,0,7,0,0,0,0,0,0,0,0,0,0,0,0,0
2017-05-18,8,2,0,0,3,0,0,0,0,0,0,2,0,0,0,0,0,0
2017-05-19,0,0,0,0,1,0,0,0,0,0,0,0,0,0,0,0,0,0
2017-05-21,0,0,0,0,1,0,0,0,0,0,0,0,0,0,0,0,0,0
2017-05-22,0,0,0,0,5,0,0,0,0,0,0,0,0,0,0,0,0,0
2017-05-23,0,1,0,0,1,0,0,0,0,0,0,0,0,0,0,0,0,0
2017-05-24,0,0,0,0,1,0,0,0,0,0,0,0,0,0,0,0,0,0
2017-05-27,0,0,0,0,0,0,0,0,2,0,0,0,0,0,0,0,0,0
2017-05-28,0,0,0,0,1,0,0,0,0,0,0,0,0,0,0,0,0,0
2017-05-29,0,0,0,0,2,0,0,0,0,0,0,0,0,0,0,0,0,0
2017-05-30,2,1,0,0,0,0,0,0,0,0,0,0,0,0,0,0,0,0
2017-05-31,6,4,0,0,0,0,0,0,0,0,0,0,0,0,0,0,0,0
2017-06-01,2,0,1,0,1,0,0,0,0,0,0,0,0,0,0,0,0,0
2017-06-02,3,0,0,0,0,0,0,0,0,0,0,0,0,0,0,0,0,0
2017-06-03,0,0,0,0,4,0,0,0,0,0,0,0,0,0,0,0,0,0
2017-06-07,0,0,0,0,1,0,0,0,1,0,0,0,0,0,0,0,0,0
2017-06-17,0,0,0,0,0,0,0,0,1,0,0,0,0,0,0,0,0,0
2017-06-18,0,0,0,0,1,0,0,0,0,0,0,0,0,0,0,0,0,0
2017-06-19,0,0,0,0,1,0,0,0,0,0,0,0,0,0,0,0,0,0
2017-06-20,0,0,0,0,2,0,0,0,0,0,0,0,0,0,0,0,0,0
2017-06-21,0,1,0,0,0,0,0,0,0,0,0,0,0,0,0,0,0,0
2017-06-23,0,0,0,0,1,0,0,0,0,0,0,0,0,0,0,0,0,0
2017-06-26,0,0,0,0,1,0,0,0,1,0,0,0,0,0,0,0,0,0
2017-06-27,0,0,0,0,1,0,0,0,0,0,0,0,0,0,0,0,0,0
2017-06-29,0,0,0,0,2,0,0,0,0,0,0,0,0,0,0,0,0,0
2017-06-30,1,0,0,0,4,0,0,0,0,0,0,0,0,0,0,0,0,0
2017-07-04,0,1,0,0,0,0,0,0,0,0,0,0,0,0,0,0,0,0
2017-07-05,10,0,0,0,0,0,0,0,0,0,0,0,0,0,0,0,0,0
2017-07-06,2,0,0,0,0,0,0,0,0,0,0,0,0,0,0,0,0,0
2017-07-08,0,2,0,0,0,0,0,0,0,0,0,0,0,0,0,0,0,0
2017-07-09,2,2,0,0,0,0,0,0,0,0,0,0,0,0,0,0,0,0
2017-07-12,0,0,2,0,1,0,0,0,0,0,0,0,0,0,0,0,0,0
2017-07-13,0,0,0,0,1,0,0,0,0,0,0,0,0,0,0,0,0,0
2017-07-15,0,2,0,0,0,0,0,0,0,0,0,0,0,0,0,0,0,0
2017-07-20,0,0,0,0,2,0,0,0,0,0,0,0,0,0,0,0,0,0
2017-07-28,0,0,0,0,1,0,0,0,0,0,0,0,0,0,0,0,0,0
2017-08-06,0,0,0,0,0,0,0,0,0,1,0,0,0,0,0,0,0,0
2017-08-07,3,0,0,0,0,0,0,0,0,0,0,0,0,0,0,0,0,0
2017-08-08,0,1,0,0,2,0,0,0,0,0,0,0,0,0,0,0,0,0
2017-08-09,0,1,0,0,5,0,0,0,0,0,0,0,0,0,0,0,0,0
2017-08-10,0,0,0,0,4,0,0,1,0,0,0,0,0,0,0,0,0,0
2017-08-11,3,1,0,0,3,0,0,1,0,1,0,0,0,0,0,0,0,0
2017-08-12,0,1,0,0,3,0,0,0,0,0,0,1,0,0,0,0,0,0
2017-08-13,1,0,0,0,5,0,0,0,0,0,0,0,0,0,0,0,0,0
2017-08-14,1,0,0,0,7,0,0,0,0,0,0,1,0,0,0,0,0,0
2017-08-15,0,1,0,0,0,0,0,0,0,0,0,0,0,0,0,0,0,0
2017-08-16,0,0,0,0,1,0,0,1,0,0,0,0,0,0,0,0,0,0
2017-08-17,0,0,0,0,1,0,0,0,0,0,0,1,0,0,0,0,0,0
2017-08-18,0,0,0,0,2,0,0,0,0,0,0,0,0,0,0,0,0,0
2017-08-19,0,0,0,0,3,0,0,0,0,0,0,0,0,0,0,0,0,0
2017-08-20,0,0,0,0,5,0,0,0,0,0,0,0,0,0,0,0,0,0
2017-08-21,0,0,0,0,9,0,0,0,0,0,0,0,0,0,0,0,0,0
2017-08-22,0,1,0,0,4,0,0,0,0,0,0,0,0,0,0,0,0,0
2017-08-26,0,0,0,0,5,0,0,0,0,0,0,0,0,0,0,0,0,0
2017-08-27,0,0,0,0,0,0,0,1,0,0,0,0,0,0,0,0,0,0
2017-08-28,0,0,0,0,4,0,0,0,0,0,0,0,0,0,0,0,0,0
2017-08-29,0,0,0,0,2,0,0,0,0,0,0,0,0,0,0,0,0,0
2017-08-31,0,0,0,0,2,0,0,0,0,0,0,0,0,0,0,0,0,0
2017-09-01,1,0,0,0,0,0,0,0,0,0,0,0,0,0,0,0,0,0
2017-09-02,0,0,0,0,1,0,0,0,0,0,0,0,0,0,0,0,0,0
2017-09-05,0,0,0,0,2,0,0,0,0,0,0,0,0,0,0,0,0,0
2017-09-06,0,0,0,0,1,0,0,0,0,0,0,0,0,0,0,0,0,0
2017-09-07,0,0,0,0,1,0,0,0,0,0,0,0,0,0,0,0,0,0
2017-09-09,0,0,0,0,3,0,0,2,0,0,0,0,0,0,0,0,0,0
2017-09-10,0,0,0,0,1,0,0,0,0,0,0,2,0,0,0,0,0,0
2017-09-11,0,0,0,0,1,0,0,0,0,0,0,0,0,0,0,0,0,0
2017-09-12,2,1,0,0,5,0,0,0,0,0,0,0,0,0,0,0,0,0
2017-09-13,9,1,0,0,2,0,0,0,0,0,0,0,0,0,0,0,0,0
2017-09-14,0,0,0,0,12,0,0,0,0,0,0,1,0,0,0,0,0,0
2017-09-15,2,0,0,0,3,0,0,0,0,0,0,0,0,0,0,0,0,0
2017-09-16,0,1,0,0,11,0,0,0,0,0,0,0,0,0,0,0,0,0
2017-09-17,0,0,0,0,5,0,0,0,0,0,0,0,0,0,0,0,0,0
2017-09-18,0,0,0,0,8,0,0,0,0,0,0,0,0,0,0,0,0,0
2017-09-19,0,0,0,0,4,0,0,0,0,0,0,0,0,0,0,0,0,0
2017-09-20,1,1,0,0,4,0,0,0,0,0,0,0,0,0,0,0,0,0
2017-09-22,0,0,0,0,2,0,0,0,0,0,0,0,0,0,0,0,1,0
2017-09-23,0,0,0,0,1,0,0,0,0,0,0,1,0,0,0,0,0,0
2017-09-24,1,0,0,0,6,0,0,0,0,0,0,0,0,0,0,0,0,0
2017-09-25,0,0,0,0,2,0,0,0,0,0,0,0,0,0,0,0,0,0
2017-09-26,0,0,0,0,2,0,0,0,0,0,0,0,0,0,0,0,0,0
2017-09-28,1,0,0,0,1,0,0,0,0,0,0,0,0,0,0,0,0,0
2017-09-29,0,0,0,0,1,0,0,0,0,0,0,0,0,0,0,0,0,0
2017-10-02,2,0,0,0,0,0,0,0,0,0,0,0,0,0,0,0,0,0
2017-10-03,0,1,0,0,0,0,0,0,0,0,0,0,0,0,0,0,0,0
2017-10-05,0,0,0,0,5,0,0,0,0,0,0,0,0,0,0,0,0,0
2017-10-06,0,0,0,0,0,1,0,0,0,0,0,0,0,0,0,0,0,0
2017-10-07,0,0,0,0,46,0,0,0,0,0,0,0,0,0,0,0,0,0
2017-10-08,0,0,0,0,30,0,0,0,0,0,0,0,0,0,0,0,0,0
2017-10-09,0,0,0,0,7,0,0,0,0,0,0,0,0,0,0,0,1,0
2017-10-10,0,0,0,0,4,0,0,0,0,0,0,1,0,0,0,0,0,0
2017-10-11,0,1,0,0,3,0,0,0,0,0,0,0,0,0,0,0,0,0
2017-10-14,0,0,0,0,1,0,0,0,0,0,0,0,0,0,0,0,0,0
2017-10-15,0,0,0,0,1,0,0,0,0,0,0,0,0,0,0,0,0,0
2017-10-16,0,0,0,0,4,0,0,0,0,0,0,0,0,0,0,0,0,0
2017-10-17,1,0,0,0,3,0,0,0,0,0,0,1,0,0,0,0,0,0
2017-10-18,0,0,0,0,2,0,0,1,0,0,0,1,0,0,0,0,1,0
2017-10-19,0,0,0,0,1,0,0,0,0,0,0,0,0,0,0,0,0,0
2017-10-21,0,0,0,0,2,0,0,0,0,0,0,0,0,0,0,0,0,0
2017-10-22,0,0,0,0,1,0,0,0,0,0,0,1,0,0,0,0,0,0
2017-10-25,1,0,0,0,1,0,0,0,0,0,0,0,0,0,0,0,0,0
2017-10-26,1,2,0,0,24,0,0,0,0,0,0,0,0,0,0,0,0,0
2017-10-27,1,0,0,0,27,0,0,0,0,0,0,0,0,0,0,0,0,0
2017-10-28,0,0,0,0,7,0,0,0,0,0,0,0,0,0,0,0,0,0
2017-10-29,0,0,0,0,22,0,0,0,0,0,0,0,0,0,0,0,0,0
2017-10-30,0,0,0,0,6,0,0,0,0,1,0,0,0,0,0,0,0,0
2017-10-31,0,0,0,0,7,0,0,0,0,0,0,0,0,0,0,0,1,0
2017-11-01,0,0,0,0,9,0,0,0,0,0,0,2,0,0,0,0,0,0
2017-11-02,0,0,0,0,2,0,0,0,0,0,0,0,0,0,0,0,0,0
2017-11-03,0,0,0,0,2,0,0,0,0,0,0,0,0,0,0,0,0,0
2017-11-05,0,0,0,0,1,0,0,0,0,0,0,0,0,0,0,0,0,0
2017-11-07,0,1,0,0,2,0,0,0,0,0,0,0,0,0,0,0,0,0
2017-11-08,0,0,0,0,2,0,0,0,0,0,0,0,0,0,0,0,0,0
2017-11-09,0,0,0,0,1,0,0,0,0,0,0,0,0,0,0,0,0,0
2017-11-10,2,0,0,0,2,0,0,0,0,0,0,0,0,0,0,0,0,0
2017-11-11,0,0,0,0,1,0,0,0,0,0,0,0,0,0,0,0,0,0
2017-11-12,0,0,0,0,1,0,0,0,0,0,0,0,0,0,0,0,0,0
2017-11-13,2,0,0,0,0,0,0,0,0,0,0,0,0,0,0,0,0,0
2017-11-14,0,0,0,0,3,0,0,0,0,0,0,0,0,0,0,0,0,0
2017-11-15,0,0,0,0,1,0,0,0,0,0,0,0,0,0,0,0,0,0
2017-11-16,0,0,0,0,1,0,0,0,0,0,0,0,0,0,0,0,0,0
2017-11-20,0,0,0,0,1,0,0,0,0,0,0,0,0,0,0,0,0,0
2017-11-22,0,0,0,0,2,0,0,0,0,0,0,0,0,0,0,0,0,0
2017-11-24,1,0,0,0,0,0,0,0,0,0,0,0,0,0,0,0,0,0
2017-11-25,0,0,0,0,3,0,0,0,0,0,0,0,0,0,0,0,0,0
2017-11-26,0,0,0,0,1,0,0,0,0,0,0,0,0,0,0,0,0,0
2017-11-28,0,1,0,0,0,0,0,0,0,0,0,0,0,0,0,0,0,0
2017-11-29,0,0,0,0,1,0,0,0,0,0,0,0,0,0,0,0,0,0
2017-11-30,0,0,0,0,5,0,0,0,0,0,0,0,0,0,0,0,0,0
2017-12-01,0,0,0,0,6,0,0,0,0,0,0,0,0,0,0,0,0,0
2017-12-02,0,0,0,0,2,0,0,0,0,0,0,0,0,0,0,0,0,0
2017-12-03,0,0,0,0,1,0,0,0,0,0,0,0,0,0,0,0,0,0
2017-12-04,1,1,0,0,2,0,0,0,0,0,0,0,0,0,0,0,0,0
2017-12-05,0,1,0,0,2,0,0,0,0,0,0,1,0,0,0,0,0,0
2017-12-08,0,0,0,0,1,0,0,0,0,0,0,0,0,0,0,0,0,0
2017-12-09,0,0,0,0,0,0,0,0,0,0,0,1,0,0,0,0,0,0
2017-12-10,0,0,0,0,1,0,0,0,0,0,0,0,0,0,0,0,0,0
2017-12-11,0,0,0,0,1,0,0,0,0,0,0,0,0,0,0,0,0,0
2017-12-12,0,1,0,0,1,0,0,0,0,0,0,0,0,0,0,0,0,0
2017-12-13,0,1,0,0,1,0,0,6,0,0,0,0,0,0,0,0,0,0
2017-12-14,0,0,0,0,5,0,0,0,2,0,0,0,0,0,0,0,1,0
2017-12-16,0,0,0,0,1,0,0,0,0,0,0,0,0,0,0,0,0,0
2017-12-17,0,0,0,0,1,0,0,0,0,0,0,0,0,0,0,0,0,0
2017-12-19,1,0,0,0,0,0,0,0,0,0,0,0,0,0,0,0,0,0
2017-12-20,0,0,0,0,2,0,0,0,0,0,0,0,0,0,0,0,0,0
2017-12-21,1,0,0,0,0,0,0,0,0,0,0,0,0,0,0,0,0,0
2017-12-22,1,0,0,0,0,0,0,0,1,0,0,0,0,0,0,0,0,0
2017-12-23,0,1,0,0,0,0,0,0,0,0,0,0,0,0,0,0,0,0
2017-12-27,1,0,0,0,1,0,0,1,0,0,0,3,0,0,0,0,0,0
2017-12-28,1,0,0,0,0,0,0,0,0,0,0,0,0,0,0,0,0,0
2017-12-30,0,1,0,0,0,0,0,0,1,0,0,0,0,0,0,0,0,0
2017-12-31,0,0,0,0,6,0,0,0,0,0,0,0,0,0,0,0,0,0
2018-01-01,0,0,1,0,0,0,0,0,0,0,0,0,0,0,0,0,0,0
2018-01-03,0,0,0,0,2,0,0,0,0,0,0,0,0,0,0,0,0,0
2018-01-04,0,0,0,0,9,0,0,0,0,0,0,0,0,0,0,0,0,0
2018-01-05,0,0,0,0,0,0,0,0,0,0,0,1,0,0,0,0,0,0
2018-01-06,0,0,0,0,0,0,0,0,1,0,0,0,0,0,0,0,0,0
2018-01-08,0,0,0,0,2,0,0,0,0,0,0,0,0,0,0,0,0,0
2018-01-11,0,0,0,0,2,0,0,0,0,0,0,0,0,0,0,0,0,0
2018-01-12,0,0,0,0,4,0,0,0,0,0,0,0,0,0,0,0,0,0
2018-01-13,0,0,0,0,6,0,0,0,0,0,0,0,0,0,0,0,0,0
2018-01-14,0,0,0,0,2,0,0,0,0,0,0,0,0,0,0,0,0,0
2018-01-15,0,0,0,0,1,0,0,0,0,0,0,0,0,0,0,0,0,0
2018-01-16,0,0,0,0,3,0,0,0,0,1,0,4,0,0,0,0,0,0
2018-01-17,0,1,0,0,17,0,0,0,0,0,0,6,0,0,0,0,0,0
2018-01-18,0,0,0,0,8,0,0,2,0,0,0,1,0,0,0,0,0,0
2018-01-19,0,1,0,0,38,0,0,0,0,1,0,1,0,0,0,0,0,0
2018-01-20,0,1,0,0,57,0,0,0,0,0,0,0,0,0,0,0,1,0
2018-01-21,0,0,0,0,34,0,0,0,0,0,0,0,0,0,0,0,0,0
2018-01-22,0,0,0,0,12,0,0,0,0,0,0,0,0,0,0,0,0,0
2018-01-23,0,1,0,0,5,0,0,0,0,0,0,0,0,0,0,0,0,0
2018-01-24,1,0,0,0,3,0,0,0,0,0,0,0,0,0,0,0,0,0
2018-01-25,0,0,0,0,0,0,0,0,2,0,0,0,0,0,0,0,0,0
2018-01-26,0,0,0,0,8,0,0,0,0,0,0,0,0,0,0,0,0,0
2018-01-27,0,0,0,0,3,0,0,0,0,0,0,0,0,0,0,0,0,0
2018-01-28,0,1,0,0,2,0,0,0,0,0,0,0,0,0,0,0,0,0
2018-01-29,0,0,0,0,1,0,0,0,0,0,0,0,0,0,0,0,0,0
2018-01-30,0,0,0,0,2,0,0,1,0,1,0,0,0,0,0,0,1,0
2018-01-31,0,0,0,0,1,0,0,0,0,0,0,0,0,0,0,0,0,0
2018-02-01,0,0,0,0,1,0,0,0,0,0,0,0,0,0,0,0,0,0
2018-02-03,0,0,0,0,1,0,0,0,0,0,0,0,0,0,0,0,0,0
2018-02-06,2,0,0,0,4,0,0,0,0,0,0,1,0,0,0,0,0,0
2018-02-07,3,0,0,0,10,0,0,0,0,0,0,0,0,0,0,0,1,0
2018-02-08,0,0,0,0,79,0,0,0,0,0,0,0,0,0,0,0,0,0
2018-02-09,2,0,0,0,80,0,0,1,0,0,0,1,0,0,0,0,1,0
2018-02-10,0,1,0,0,3,0,0,0,0,0,0,0,0,0,0,0,0,0
2018-02-12,2,1,0,0,2,0,0,0,0,0,0,0,0,0,0,0,0,0
2018-02-13,0,1,0,0,3,0,0,0,0,0,0,0,0,0,0,0,0,0
2018-02-14,0,1,0,0,3,0,0,0,0,0,0,0,0,0,0,0,0,0
2018-02-17,0,1,0,0,2,0,0,0,0,0,0,0,0,0,0,0,0,0
2018-02-19,3,0,0,0,12,0,0,0,0,0,0,0,0,0,0,0,0,0
2018-02-20,80,0,0,0,19,0,0,0,0,0,0,0,0,0,0,0,0,0
2018-02-21,7,1,0,0,6,0,0,0,0,0,0,0,0,0,0,0,0,0
2018-02-22,3,0,0,0,2,0,0,0,0,0,0,0,0,0,0,0,0,0
2018-02-23,3,3,0,0,1,0,0,0,0,0,0,0,0,0,0,0,0,0
2018-02-24,0,0,0,0,3,0,0,0,0,0,0,0,0,0,0,0,0,0
2018-02-26,0,0,0,0,3,0,0,1,0,0,0,0,0,0,0,0,0,0
2018-02-27,0,0,0,0,20,0,0,0,0,0,0,2,0,0,0,0,0,0
2018-02-28,0,0,0,0,20,0,0,0,0,1,0,0,0,0,0,0,0,0
2018-03-01,0,0,0,0,4,0,0,0,0,0,0,0,0,0,0,0,0,0
2018-03-02,0,0,0,0,1,0,0,0,0,0,0,0,0,0,0,0,0,0
2018-03-04,0,0,0,0,1,0,0,0,0,0,0,0,0,0,0,0,0,0
2018-03-05,0,0,0,0,12,0,0,0,0,0,0,0,0,0,0,0,0,0
2018-03-06,0,0,0,0,23,0,0,0,0,0,0,0,0,0,0,0,0,0
2018-03-07,0,0,0,0,6,0,0,0,0,0,0,0,0,0,0,0,0,0
2018-03-08,0,0,0,0,1,0,0,0,0,0,0,0,0,0,0,0,0,0
2018-03-10,0,0,0,0,1,0,0,1,0,0,0,0,0,0,0,0,0,0
2018-03-12,0,0,0,0,4,0,0,0,0,0,0,1,0,0,0,0,0,0
2018-03-13,0,0,0,0,0,0,0,1,0,0,0,0,0,0,0,0,0,0
2018-03-15,0,0,0,0,10,0,0,0,0,0,0,0,0,0,0,0,0,0
2018-03-16,0,0,0,0,1,0,0,0,0,0,0,0,0,0,0,0,0,0
2018-03-17,0,0,0,0,1,0,0,0,0,0,0,0,0,0,0,0,0,0
2018-03-19,0,0,0,0,0,0,0,0,0,0,0,1,0,0,0,0,0,0
2018-03-21,0,0,0,0,2,0,0,0,0,0,0,0,0,0,0,0,0,0
2018-03-22,0,0,0,0,2,0,0,0,0,0,0,0,0,0,0,0,0,0
2018-03-27,1,0,0,0,0,0,0,0,0,0,0,1,0,0,0,0,0,0
2018-03-29,0,0,0,0,1,0,0,0,0,0,0,0,0,0,0,0,0,0
2018-03-30,0,0,0,0,2,0,0,0,0,0,0,1,0,0,0,0,0,0
2018-03-31,0,0,0,0,1,0,0,0,0,0,0,0,0,0,0,0,0,0
2018-04-02,0,0,0,0,1,0,0,0,0,0,0,0,0,0,0,0,0,0
2018-04-03,4,0,0,0,0,0,0,0,0,0,0,0,0,0,0,0,0,0
2018-04-04,1,0,0,0,0,0,0,0,0,0,0,0,0,0,0,0,0,0
2018-04-05,0,0,0,0,1,0,0,0,0,0,0,0,0,0,0,0,0,0
2018-04-08,0,0,0,0,1,0,0,0,0,0,0,0,0,0,0,0,0,0
2018-04-10,0,0,0,0,0,0,0,0,0,0,0,1,0,0,0,0,0,0
2018-04-11,0,0,0,0,6,0,0,0,0,0,0,0,0,0,0,0,0,0
2018-04-12,0,0,1,0,1,0,0,0,0,0,0,0,0,0,0,0,0,0
2018-04-13,0,0,0,0,28,0,0,1,0,0,0,0,0,0,0,0,0,0
2018-04-14,0,0,0,0,10,0,0,1,0,0,0,0,0,0,0,0,0,0
2018-04-15,0,0,0,0,1,0,0,0,0,0,0,0,0,0,0,0,0,0
2018-04-16,0,0,0,0,29,0,0,0,0,0,0,1,0,0,0,0,0,0
2018-04-17,1,0,0,0,16,0,0,0,0,0,0,3,0,0,0,0,1,0
2018-04-18,1,0,0,0,1,0,0,0,0,0,0,0,0,0,0,0,0,0
2018-04-19,0,1,0,0,1,0,0,0,0,0,0,0,0,0,0,0,0,0
2018-04-20,0,1,0,0,2,0,0,0,0,0,0,0,0,0,0,0,0,0
2018-04-21,1,0,0,0,1,0,0,1,0,0,0,0,0,0,0,0,1,0
2018-04-22,0,0,0,0,7,0,0,0,1,0,0,0,0,0,0,0,0,1
2018-04-23,0,0,0,0,7,0,0,0,0,0,0,0,0,0,0,0,0,0
2018-04-24,0,0,0,0,3,0,0,0,0,0,0,0,0,0,0,0,0,0
2018-04-25,0,0,1,0,4,0,0,0,0,0,0,0,0,0,0,0,0,0
2018-04-26,1,0,0,0,0,0,0,0,0,0,0,0,0,0,0,0,0,0
2018-04-27,0,0,0,0,0,0,0,0,0,1,0,1,0,0,0,0,0,0
2018-04-28,1,0,0,0,13,0,0,0,0,0,0,0,0,0,0,0,0,0
2018-04-29,0,0,0,0,3,0,0,0,0,0,0,0,0,0,0,0,0,0
2018-04-30,0,0,0,0,5,0,0,0,0,0,0,0,0,0,0,0,0,0
2018-05-01,1,0,0,0,4,0,0,0,0,0,0,0,0,0,0,0,0,0
2018-05-02,0,0,0,0,4,0,0,0,0,0,0,0,0,0,0,0,0,0
2018-05-03,6,2,0,0,1,0,0,0,0,0,0,0,0,0,0,0,0,0
2018-05-04,0,1,0,0,1,0,0,1,0,0,0,0,0,0,0,0,1,0
2018-05-06,1,1,0,0,0,0,0,0,0,0,0,0,0,0,0,0,0,0
2018-05-08,0,0,0,0,5,0,0,0,0,0,0,2,0,0,0,0,0,0
2018-05-09,0,0,0,0,2,0,0,0,0,0,0,0,0,0,0,0,0,0
2018-05-10,0,0,0,0,0,0,0,0,1,0,0,0,0,0,0,0,0,0
2018-05-11,0,0,0,0,3,0,0,0,0,0,0,0,0,0,0,0,0,0
2018-05-12,0,0,0,0,1,0,0,0,0,0,0,4,0,0,0,0,0,0
2018-05-14,0,0,0,0,0,0,0,0,0,0,0,3,0,0,0,0,0,0
2018-05-16,0,1,0,0,34,0,0,0,1,0,0,0,0,0,0,0,0,0
2018-05-17,3,1,0,0,17,0,0,0,0,0,0,0,0,0,0,0,0,0
2018-05-18,1,0,0,0,5,0,0,0,0,0,0,0,0,0,0,0,0,0
2018-05-20,1,1,0,0,13,0,0,0,0,0,0,0,0,0,0,0,0,0
2018-05-21,0,0,0,0,16,0,0,0,0,0,0,0,0,0,0,0,0,0
2018-05-22,0,0,0,0,10,0,0,0,0,0,0,0,0,0,0,0,0,0
2018-05-23,0,0,0,0,1,0,0,0,0,0,0,0,0,0,0,0,0,0
2018-05-25,0,0,0,0,2,0,0,0,0,0,0,0,0,0,0,0,0,0
2018-05-27,0,0,0,0,0,0,0,1,0,0,0,0,0,0,0,0,0,0
2018-05-28,0,0,0,0,29,0,0,1,0,0,0,5,0,0,0,0,0,0
2018-05-29,0,1,0,0,38,0,0,0,0,0,0,1,0,0,0,0,2,0
2018-05-30,0,0,0,0,4,0,0,0,0,0,0,0,0,0,0,0,0,0
2018-05-31,0,0,0,0,4,0,0,0,0,0,0,1,0,0,0,0,0,0
2018-06-01,0,0,0,0,2,0,0,0,0,0,0,0,0,0,0,0,0,0
2018-06-02,0,0,0,0,1,0,0,0,0,0,0,0,0,0,0,0,0,0
2018-06-03,0,0,0,0,1,0,0,0,0,0,0,0,0,0,0,0,0,0
2018-06-04,0,0,0,0,0,0,0,0,1,0,0,0,0,0,0,0,0,0
2018-06-05,0,0,0,0,1,0,0,0,0,0,0,0,0,0,0,0,0,0
2018-06-08,0,0,0,0,2,0,0,0,0,0,0,0,0,0,0,0,0,0
2018-06-11,0,0,0,0,1,0,0,0,0,0,0,0,0,0,0,0,0,0
2018-06-13,0,0,0,0,7,0,0,0,0,0,0,0,0,0,0,0,0,0
2018-06-15,0,0,0,0,0,0,0,0,0,0,0,1,0,0,0,0,0,0
2018-06-16,0,0,0,0,6,0,0,0,0,0,0,2,0,0,0,0,0,0
2018-06-18,1,0,0,0,2,0,0,0,0,0,0,0,0,0,0,0,0,0
2018-06-19,0,0,0,0,3,0,0,0,0,0,0,0,0,0,0,0,0,0
2018-06-20,5,0,0,0,1,0,0,0,0,0,0,0,0,0,0,0,0,0
2018-06-21,2,0,0,0,22,0,0,0,0,0,0,0,0,0,0,0,0,0
2018-06-22,1,0,0,0,6,0,0,0,0,0,0,0,0,0,0,0,0,0
2018-06-23,2,1,0,0,4,0,0,0,0,0,0,3,0,0,0,0,0,0
2018-06-24,2,0,0,0,3,0,0,0,0,0,0,1,0,0,0,0,0,0
2018-06-25,0,0,0,0,1,0,0,0,0,0,0,0,0,0,0,0,0,0
2018-06-26,0,0,0,0,1,0,0,0,0,0,0,0,0,0,0,0,0,0
2018-06-28,0,0,0,0,1,0,0,0,0,0,0,0,0,0,0,0,0,0
2018-06-29,0,0,0,0,0,0,0,0,0,0,0,6,0,0,0,0,0,0
2018-07-01,0,0,0,0,1,0,0,0,0,0,0,0,0,0,0,0,0,0
2018-07-02,0,0,0,0,3,0,0,0,0,0,0,0,0,0,0,0,0,0
2018-07-03,0,0,0,0,4,0,0,0,0,0,0,0,0,0,0,0,0,0
2018-07-04,0,0,0,0,7,0,0,0,0,0,0,0,0,0,0,0,0,0
2018-07-05,0,0,0,0,2,0,0,0,0,0,0,0,0,0,0,0,0,0
2018-07-08,0,0,0,0,0,0,0,0,0,0,0,1,0,0,0,0,0,0
2018-07-11,0,0,0,0,1,0,0,0,0,0,0,0,0,0,0,0,0,0
2018-07-18,0,0,0,0,5,0,0,0,0,0,0,0,0,0,0,0,0,0
2018-07-20,0,0,0,0,20,0,0,0,0,0,0,0,0,0,0,0,0,0
2018-07-21,0,0,0,0,2,0,0,0,0,0,0,0,0,0,0,0,0,0
2018-07-22,0,0,0,0,1,0,0,0,0,0,0,0,0,0,0,0,0,0
2018-07-26,0,1,0,0,0,0,0,0,0,0,0,0,0,0,0,0,0,0
2018-07-27,0,1,0,0,0,0,0,0,0,0,0,0,0,0,0,0,0,0
2018-07-28,0,0,0,0,2,0,0,0,0,0,0,0,0,0,0,0,0,0
2018-07-31,2,2,0,0,0,0,0,0,0,0,0,1,0,0,0,0,0,0
2018-08-01,1,0,0,0,0,0,0,0,0,0,0,1,0,0,0,0,0,0
2018-08-02,0,1,0,0,0,0,0,0,0,0,0,1,0,0,0,0,0,0
2018-08-03,0,0,0,0,1,0,0,0,0,0,0,1,0,0,0,0,0,0
2018-08-05,0,0,0,0,10,0,0,0,0,0,0,0,0,0,0,0,0,0
2018-08-06,0,0,0,0,3,0,0,0,0,0,0,1,0,0,0,0,0,0
2018-08-07,0,0,0,0,1,0,0,0,0,0,0,0,0,0,0,0,0,0
2018-08-08,0,2,0,0,0,0,0,0,0,0,0,0,0,0,0,0,0,0
2018-08-09,0,1,0,0,2,0,0,0,0,0,0,0,0,0,0,0,0,0
2018-08-10,0,0,0,0,3,0,0,0,0,0,0,0,0,0,0,0,0,0
2018-08-11,1,1,0,0,0,0,0,0,0,0,0,0,0,0,0,0,0,0
2018-08-12,0,0,0,0,0,0,0,0,0,0,0,2,0,0,0,0,0,0
2018-08-13,0,0,0,0,0,0,0,0,0,0,0,1,0,0,0,0,0,0
2018-08-14,1,0,0,0,0,0,0,0,0,0,0,0,0,0,0,0,0,0
2018-08-15,0,0,0,0,2,0,0,0,0,0,0,0,0,0,0,0,0,0
2018-08-16,0,0,0,0,0,0,0,0,0,0,0,1,0,0,0,0,0,0
2018-08-18,0,0,0,0,1,0,0,0,0,0,0,0,0,0,0,0,0,0
2018-08-19,0,0,0,0,1,0,0,0,0,0,0,0,0,0,0,0,0,0
2018-08-21,1,0,0,0,0,0,0,0,0,0,0,0,0,0,0,0,0,0
2018-08-22,0,0,0,0,2,0,0,0,0,0,0,0,0,0,0,0,0,0
2018-08-23,0,0,0,0,1,0,0,0,0,0,0,0,0,0,0,0,0,0
2018-08-25,0,0,0,0,1,0,0,0,0,0,0,0,0,0,0,0,0,0
2018-08-26,0,0,0,0,1,0,0,0,0,0,0,0,0,0,0,0,0,0
2018-08-27,0,1,0,0,0,0,0,0,0,0,0,0,0,0,0,0,0,0
2018-08-28,0,0,0,0,1,0,0,0,0,0,0,1,0,0,0,0,0,0
2018-09-05,1,0,0,0,0,0,0,0,0,0,0,0,0,0,0,0,0,0
2018-09-06,1,0,0,0,0,0,0,0,0,0,0,0,0,0,0,0,0,0
2018-09-12,0,0,0,0,2,0,0,0,0,0,0,0,0,0,0,0,0,0
2018-09-13,0,0,0,0,2,0,0,0,0,0,0,0,0,0,0,0,0,0
2018-09-17,0,0,0,0,1,0,0,0,0,0,0,0,0,0,0,0,0,0
2018-09-18,0,0,0,0,0,0,0,0,1,0,0,0,0,0,0,0,0,0
2018-09-19,2,0,0,0,4,0,0,0,0,0,0,0,0,0,0,0,0,0
2018-09-20,0,0,0,0,1,0,0,0,1,0,0,0,0,0,0,0,0,0
2018-09-21,1,0,0,0,8,0,0,0,0,0,0,0,0,0,0,0,1,0
2018-09-22,0,0,0,0,2,0,0,0,0,0,0,0,0,0,0,0,0,0
2018-09-23,0,0,0,0,20,0,0,0,0,0,0,0,0,0,0,0,0,0
2018-09-24,0,0,0,0,7,0,0,0,0,0,0,0,0,0,0,0,0,0
2018-09-25,0,0,0,0,4,0,0,0,0,0,0,0,0,0,0,0,0,0
2018-09-26,0,0,0,0,1,0,0,0,0,0,0,0,0,0,0,0,0,0
2018-09-27,0,0,0,0,2,0,0,0,0,0,0,0,0,0,0,0,0,0
2018-09-29,0,0,0,0,1,0,0,0,0,0,0,0,0,0,0,0,0,0
2018-10-01,0,0,0,0,0,0,0,0,0,0,0,1,0,0,0,0,0,0
2018-10-04,0,0,0,0,2,0,0,0,0,0,0,0,0,0,0,0,0,0
2018-10-10,0,0,0,0,1,0,0,0,0,0,0,0,0,0,0,0,0,0
2018-10-11,0,0,0,0,56,0,0,0,0,0,0,0,0,0,0,0,0,0
2018-10-12,0,0,0,0,5,0,0,0,0,0,0,0,0,0,0,0,0,0
2018-10-13,0,0,0,0,4,0,0,0,0,0,0,0,0,0,0,0,0,0
2018-10-14,0,0,0,0,1,0,0,0,0,0,0,0,0,0,0,0,0,0
2018-10-15,6,0,0,0,0,0,0,0,0,0,0,0,0,0,0,0,0,0
2018-10-16,0,0,0,0,4,0,0,0,0,0,0,0,0,0,0,0,0,0
2018-10-17,0,1,0,0,7,0,0,0,0,0,0,4,0,0,0,0,0,0
2018-10-18,0,0,0,0,1,0,0,0,0,0,0,0,0,0,0,0,0,0
2018-10-19,0,0,0,0,5,0,0,1,0,0,0,1,0,0,0,0,0,0
2018-10-21,0,0,0,0,2,0,0,0,0,0,0,0,0,0,0,0,0,0
2018-10-22,0,0,0,0,0,0,0,0,0,0,0,3,0,0,0,0,0,0
2018-10-24,0,0,0,0,1,0,0,0,0,0,0,0,0,0,0,0,0,0
2018-10-26,0,1,0,0,0,0,0,0,0,0,0,0,0,0,0,0,0,0
2018-10-28,0,0,0,0,3,0,0,0,0,0,0,0,0,0,0,0,0,0
2018-10-29,0,0,0,0,1,0,0,0,0,0,0,0,0,0,0,0,0,0
2018-10-31,0,0,0,0,23,0,0,0,0,0,0,0,0,0,0,0,0,0
2018-11-01,0,0,1,0,14,0,0,0,0,0,0,1,0,0,0,0,0,0
2018-11-02,0,0,0,0,3,0,0,0,0,0,0,0,0,0,0,0,0,0
2018-11-03,0,0,0,0,6,0,0,0,0,0,0,0,0,0,0,0,0,0
2018-11-04,0,0,0,0,1,0,0,0,0,0,0,0,0,0,0,0,0,0
2018-11-05,0,0,0,0,2,0,0,0,0,0,0,0,0,0,0,0,0,0
2018-11-06,0,0,0,0,2,0,0,0,0,0,0,1,0,0,0,0,0,0
2018-11-07,0,0,0,0,1,0,0,1,0,0,0,0,0,0,0,0,1,0
2018-11-09,1,0,0,0,3,0,0,0,0,0,0,0,0,0,0,0,0,0
2018-11-15,6,0,0,0,0,0,0,0,0,0,0,0,0,0,0,0,0,0
2018-11-16,1,1,0,0,1,0,0,0,0,0,0,0,0,0,0,0,0,0
2018-11-18,1,0,0,0,2,0,0,0,0,0,0,0,0,0,0,0,0,0
2018-11-19,0,0,0,0,4,0,0,0,0,0,0,0,0,0,0,0,0,0
2018-11-20,0,0,0,0,5,0,0,0,0,0,0,0,0,0,0,0,0,0
2018-11-21,0,0,0,0,1,0,0,0,0,0,0,0,0,0,0,0,0,0
2018-11-22,0,0,0,0,0,0,0,0,0,0,0,1,0,0,0,0,0,0
2018-11-23,0,0,0,0,4,0,0,0,0,0,0,0,0,0,0,0,0,0
2018-11-25,0,0,0,0,1,0,0,0,0,0,0,0,0,0,0,0,0,0
2018-11-27,1,0,0,0,0,0,0,0,0,0,0,0,0,0,0,0,0,0
2018-11-28,0,0,0,0,2,0,0,0,0,0,0,0,0,0,0,0,0,0
2018-11-29,0,0,0,0,0,0,0,0,0,0,0,2,0,0,0,0,0,0
2018-11-30,0,0,0,0,0,0,0,0,0,0,0,3,0,0,0,0,0,0
2018-12-01,0,0,1,0,0,0,0,0,0,0,0,1,0,0,0,0,0,0
2018-12-02,0,0,0,0,9,0,0,0,0,0,0,1,0,0,0,0,0,0
2018-12-03,1,0,0,0,5,0,0,0,0,0,0,0,0,0,0,0,0,0
2018-12-04,1,0,0,0,1,0,0,0,0,0,0,0,0,0,0,0,0,0
2018-12-05,0,0,0,0,2,0,0,0,0,0,0,0,0,0,0,0,0,0
2018-12-06,5,0,0,0,1,0,0,0,0,0,0,0,0,0,0,0,0,0
2018-12-07,0,0,0,0,2,0,0,0,0,0,0,0,0,0,0,0,0,0
2018-12-08,0,0,0,0,2,0,0,0,0,0,0,0,0,0,0,0,0,0
2018-12-09,0,0,0,0,1,0,0,0,0,0,0,0,0,0,0,0,0,0
2018-12-10,0,0,0,0,5,0,0,0,0,0,0,0,0,0,0,0,0,0
2018-12-12,0,0,2,0,1,0,0,0,0,0,0,0,0,0,0,0,0,0
2018-12-13,1,1,0,0,2,0,0,0,0,0,0,0,0,0,0,0,0,0
2018-12-15,0,0,0,0,2,0,0,1,0,0,0,0,0,0,0,0,0,0
2018-12-16,0,0,0,0,1,0,0,0,0,0,0,0,0,0,0,0,0,0
2018-12-17,1,0,0,0,2,1,0,1,0,0,0,1,0,0,0,0,0,0
2018-12-18,0,0,0,0,2,0,0,0,0,0,0,0,0,0,0,0,0,0
2018-12-19,1,0,0,0,5,0,0,0,0,0,0,0,0,0,0,0,0,0
2018-12-20,2,0,0,0,17,0,0,0,0,1,0,0,0,0,0,0,0,0
2018-12-21,2,0,0,0,17,0,0,1,0,1,0,0,0,0,0,0,0,0
2018-12-22,1,0,0,0,10,0,0,0,0,0,0,0,0,0,0,0,0,0
2018-12-23,0,0,0,0,2,0,0,0,0,0,0,1,0,0,0,0,0,0
2018-12-24,0,0,0,0,1,0,0,0,0,0,0,0,0,0,0,0,0,0
2018-12-26,0,0,0,0,1,0,0,1,0,0,0,0,0,0,0,0,0,0
2018-12-28,0,0,0,0,1,0,0,0,0,0,0,0,0,0,0,0,0,0
2019-01-01,0,0,1,0,0,0,0,0,0,0,0,0,0,0,0,0,0,0
2019-01-02,0,0,0,0,3,0,0,0,0,0,0,0,0,0,0,0,0,0
2019-01-03,1,0,0,0,1,0,0,0,0,0,0,0,0,0,0,0,0,0
2019-01-04,1,2,0,0,14,0,0,0,0,0,0,5,0,0,0,0,0,0
2019-01-05,0,0,0,0,13,0,0,0,0,0,0,0,0,0,0,0,0,0
2019-01-06,0,0,0,0,12,0,0,0,0,0,0,0,0,0,0,0,0,0
2019-01-07,0,0,0,0,7,0,0,1,0,0,0,0,0,0,0,0,0,0
2019-01-08,0,0,0,0,17,0,0,0,0,0,0,0,0,0,0,0,0,0
2019-01-09,1,1,0,0,12,0,0,0,0,0,0,0,0,0,0,0,0,0
2019-01-10,0,0,0,0,7,0,0,0,0,0,0,0,0,0,0,0,0,0
2019-01-11,2,0,0,0,4,0,0,0,0,0,0,0,0,0,0,0,0,0
2019-01-12,5,0,0,0,5,0,0,0,0,0,0,0,0,0,0,0,0,0
2019-01-13,0,0,0,0,10,0,0,0,0,0,0,0,0,0,0,0,0,0
2019-01-14,3,1,0,0,45,0,0,0,1,0,0,0,0,0,0,0,0,0
2019-01-15,0,0,0,0,54,0,0,0,0,0,0,0,0,0,0,0,0,0
2019-01-16,1,0,0,0,20,0,0,0,0,1,0,1,0,0,0,0,0,0
2019-01-17,0,0,0,0,7,0,0,0,0,0,0,0,0,0,0,0,0,0
2019-01-18,0,0,0,0,3,0,0,0,0,0,0,0,0,0,0,0,0,0
2019-01-19,0,0,0,0,34,0,0,0,0,0,0,0,0,0,0,0,0,0
2019-01-20,0,0,0,0,19,0,0,0,0,0,0,0,0,0,0,0,0,0
2019-01-21,0,3,1,0,5,0,0,1,0,0,0,0,0,0,0,0,0,0
2019-01-22,0,0,0,0,9,0,0,0,0,1,0,0,0,0,0,0,0,0
2019-01-23,0,0,0,0,5,0,0,0,0,0,0,0,0,0,0,0,0,0
2019-01-24,0,0,0,0,1,0,0,0,0,0,0,0,0,0,0,0,0,0
2019-01-25,0,0,0,0,1,0,0,0,0,0,0,0,0,0,0,0,0,0
2019-01-27,0,0,0,0,2,0,0,0,1,0,0,0,0,0,0,0,0,0
2019-01-28,4,1,0,0,47,0,0,0,0,0,0,1,0,0,0,0,0,0
2019-01-29,2,0,0,0,96,0,0,1,0,0,0,0,0,0,0,0,0,0
2019-01-30,0,0,0,0,85,0,0,0,0,1,0,2,0,0,0,0,0,0
2019-01-31,0,0,0,0,10,0,0,0,0,0,0,0,0,0,0,0,0,0
2019-02-01,1,0,0,0,14,0,0,1,0,0,0,0,0,0,0,0,0,0
2019-02-02,0,0,0,0,4,0,0,0,0,0,0,0,0,0,0,0,0,0
2019-02-03,2,0,0,0,4,0,0,0,0,0,0,0,0,0,0,0,0,0
2019-02-04,0,0,0,0,11,0,0,0,0,0,0,0,0,0,0,0,0,0
2019-02-05,0,0,0,0,8,0,0,0,0,0,0,0,0,0,0,0,0,0
2019-02-06,0,0,0,0,3,0,0,0,0,0,0,0,0,0,0,0,0,0
2019-02-07,1,0,0,0,1,0,0,0,0,0,0,1,0,0,0,0,0,0
2019-02-08,0,0,0,0,5,0,0,0,0,0,0,0,0,0,0,0,0,0
2019-02-09,0,0,0,0,3,0,0,0,0,0,0,0,0,0,0,0,0,0
2019-02-10,0,0,0,0,1,0,0,0,0,0,0,0,0,0,0,0,0,0
2019-02-11,1,0,0,0,18,0,0,0,0,0,0,1,0,0,0,0,0,0
2019-02-12,0,0,0,0,15,0,0,0,0,0,0,0,0,0,0,0,0,0
2019-02-13,0,0,0,0,20,0,0,0,0,0,0,0,0,0,0,0,0,0
2019-02-14,0,0,0,0,1,0,0,0,0,0,0,1,0,0,0,0,0,0
2019-02-15,0,0,0,0,18,0,0,1,0,0,0,0,0,0,0,0,0,0
2019-02-16,0,0,0,0,15,0,0,0,0,0,0,3,0,0,0,0,0,0
2019-02-17,0,0,0,0,9,0,0,0,0,0,0,0,0,0,0,0,0,0
2019-02-18,0,1,0,0,1,0,0,0,0,0,0,0,0,0,0,0,0,0
2019-02-19,0,0,0,0,3,0,0,0,0,0,0,0,0,0,0,0,0,0
2019-02-20,0,1,0,0,2,0,0,0,0,0,0,0,0,0,0,0,0,0
2019-02-21,0,0,0,0,6,0,0,0,0,0,0,0,0,0,0,0,0,0
2019-02-22,0,0,0,0,1,0,0,0,0,0,0,1,0,0,0,0,0,0
2019-02-23,0,0,0,0,2,0,0,0,0,0,0,0,0,0,0,0,0,0
2019-02-24,0,0,0,0,3,0,0,0,0,0,0,0,0,0,0,0,0,0
2019-02-25,0,0,0,0,2,0,0,0,0,0,0,0,0,0,0,0,0,0
2019-02-26,0,0,0,0,3,0,0,0,0,0,0,0,0,0,0,0,0,0
2019-02-27,0,0,0,0,3,0,0,0,0,0,0,0,0,0,0,0,0,0
2019-02-28,1,0,0,0,2,0,0,0,0,0,0,0,0,0,0,0,0,0
2019-03-01,0,0,0,0,2,0,0,1,0,0,0,0,0,0,0,0,1,0
2019-03-02,0,0,0,0,2,0,0,0,0,0,0,0,0,0,0,0,0,0
2019-03-03,0,0,0,0,4,0,0,0,0,0,0,0,0,0,0,0,0,0
2019-03-04,0,0,0,0,1,0,0,0,0,0,0,0,0,0,0,0,0,0
2019-03-05,0,0,0,0,2,0,0,0,0,0,0,0,0,0,0,0,0,0
2019-03-06,0,1,0,0,3,0,0,0,0,0,0,0,0,0,0,0,1,0
2019-03-07,0,1,0,0,8,0,0,0,0,0,0,1,0,0,0,0,0,0
2019-03-08,0,1,0,0,11,0,0,0,0,0,0,2,0,0,0,0,0,0
2019-03-09,0,0,0,0,11,0,0,0,0,0,0,0,0,0,0,0,0,0
2019-03-10,0,0,0,0,9,0,0,0,0,0,0,0,0,0,0,0,0,0
2019-03-11,0,0,0,0,3,0,0,0,0,0,0,0,0,0,0,0,0,0
2019-03-12,0,0,0,0,1,0,0,0,0,0,0,0,0,0,0,0,0,0
2019-03-13,0,0,0,0,9,0,0,0,0,0,0,0,0,0,0,0,0,0
2019-03-14,0,0,0,0,6,0,0,0,0,0,0,0,0,0,0,0,0,0
2019-03-15,1,1,0,0,0,0,0,0,0,0,0,0,0,0,0,0,0,0
2019-03-16,0,0,0,0,0,0,0,1,0,0,0,1,0,0,0,0,0,0
2019-03-18,0,0,0,0,18,0,0,0,0,0,0,0,0,0,0,0,0,0
2019-03-19,1,1,0,0,16,0,0,1,1,0,0,0,0,0,0,0,0,0
2019-03-20,7,0,0,0,2,0,0,0,0,0,0,0,0,0,0,0,0,0
2019-03-21,4,0,0,0,1,0,0,0,0,0,0,0,0,0,0,0,0,0
2019-03-22,1,0,0,0,0,0,0,0,0,0,0,0,0,0,0,0,0,0
2019-03-25,1,0,0,0,0,0,0,0,0,0,0,0,0,0,0,0,0,0
2019-03-27,1,0,0,0,17,0,0,0,1,0,0,0,0,0,0,0,0,0
2019-03-28,0,0,0,0,15,0,0,0,0,0,0,0,0,0,0,0,0,0
2019-03-29,0,1,0,0,1,0,0,0,0,0,0,0,0,0,0,0,0,0
2019-03-31,1,0,0,0,1,0,0,0,0,0,0,1,0,0,0,0,0,0
2019-04-01,0,0,0,0,2,0,0,0,0,0,0,0,0,0,0,0,0,0
2019-04-02,1,0,0,0,4,0,0,0,0,0,0,0,0,0,0,0,0,0
2019-04-03,1,0,0,0,5,0,0,0,0,0,0,0,0,0,0,0,0,0
2019-04-04,0,0,0,0,0,0,0,0,0,0,0,1,0,0,0,0,0,0
2019-04-05,0,0,0,0,2,0,0,0,0,0,0,0,0,0,0,0,0,0
2019-04-06,0,0,0,0,0,0,0,0,0,0,0,2,0,0,0,0,0,0
2019-04-07,0,1,0,0,3,0,0,0,0,0,0,0,0,0,0,0,0,0
2019-04-08,0,0,0,0,3,0,0,0,0,0,0,0,0,0,0,0,0,0
2019-04-09,0,0,0,0,7,0,0,1,0,0,0,0,0,0,0,0,1,0
2019-04-10,1,2,0,0,92,0,0,0,0,0,0,0,0,0,0,0,0,2
2019-04-11,0,0,0,0,67,0,0,0,0,0,0,0,0,0,0,0,0,0
2019-04-12,0,0,0,0,6,0,0,0,0,0,0,0,0,0,0,0,0,0
2019-04-13,0,0,0,0,1,0,0,0,0,0,0,0,0,0,0,0,0,0
2019-04-14,0,0,0,0,22,0,0,0,0,0,0,0,0,0,0,0,0,0
2019-04-15,0,0,0,0,5,0,0,0,0,0,0,0,0,0,0,0,0,0
2019-04-16,0,1,0,0,12,0,0,0,0,0,0,0,0,0,0,0,0,0
2019-04-17,1,0,0,0,10,0,0,0,0,0,0,0,0,0,0,0,0,0
2019-04-18,0,0,0,0,4,0,0,0,0,0,0,0,0,0,0,0,0,0
2019-04-19,0,0,0,0,4,0,0,0,0,0,0,0,0,0,0,0,0,0
2019-04-21,0,0,0,0,1,0,0,0,0,0,0,0,0,0,0,0,0,0
2019-04-22,0,2,0,0,8,0,0,3,0,0,0,0,0,0,0,0,0,0
2019-04-23,0,0,0,0,1,0,0,0,0,0,0,0,0,0,0,0,0,0
2019-04-24,0,0,0,0,8,0,0,0,0,0,0,0,0,0,0,0,0,0
2019-04-25,0,0,0,0,7,0,0,0,0,0,0,0,0,0,0,0,0,0
2019-04-26,0,0,0,0,4,0,0,0,0,0,0,2,0,0,0,0,0,0
2019-04-27,0,0,0,0,0,0,0,0,0,0,0,1,0,0,0,0,0,0
2019-04-28,0,0,0,0,0,0,0,0,0,0,0,1,0,0,0,0,0,0
2019-04-29,0,0,0,0,1,0,0,0,1,0,0,0,0,0,0,0,0,0
2019-04-30,0,0,0,0,1,0,0,0,0,0,0,0,0,0,0,0,0,0
2019-05-01,0,0,0,0,2,0,0,0,0,0,0,0,0,0,0,0,0,0
2019-05-02,1,0,0,0,0,0,0,0,0,0,0,0,0,0,0,0,0,0
2019-05-03,0,0,0,0,4,0,0,0,0,0,0,1,0,0,0,0,0,0
2019-05-04,0,0,0,0,4,0,0,0,0,0,0,0,0,0,0,0,0,0
2019-05-05,0,0,0,0,4,0,0,0,1,0,0,0,0,0,0,0,0,0
2019-05-06,1,0,0,0,6,0,0,0,0,0,0,0,0,0,0,0,0,0
2019-05-07,1,0,0,0,1,0,0,0,0,0,0,0,0,0,0,0,0,0
2019-05-08,0,0,0,0,5,0,0,0,0,0,0,0,0,0,0,0,0,0
2019-05-09,0,0,0,0,0,0,0,1,0,0,0,0,0,0,0,0,0,0
2019-05-10,0,0,0,0,10,0,0,0,1,0,0,0,0,0,0,0,0,0
2019-05-11,0,0,0,0,2,0,0,0,0,0,0,0,0,0,0,0,0,0
2019-05-12,0,0,0,0,4,0,0,0,0,0,0,0,0,0,0,0,0,0
2019-05-13,0,0,0,0,3,0,0,0,0,0,0,0,0,0,0,0,0,0
2019-05-14,0,0,1,0,4,0,0,0,0,0,0,0,0,0,0,0,0,0
2019-05-15,0,0,0,0,4,0,0,0,0,0,0,0,0,0,0,0,0,0
2019-05-16,0,0,0,0,3,0,0,0,0,0,0,0,0,0,0,0,0,0
2019-05-17,0,0,0,0,1,0,0,0,0,0,0,0,0,0,0,0,0,0
2019-05-18,0,0,0,0,1,0,0,0,0,0,0,0,0,0,0,0,0,0
2019-05-20,0,0,0,0,3,0,0,0,0,0,0,0,0,0,0,0,0,0
2019-05-21,0,0,0,0,3,0,0,0,0,0,0,0,0,0,0,0,0,0
2019-05-22,0,0,5,0,0,0,0,0,0,0,0,0,0,0,0,0,0,0
2019-05-23,0,0,0,0,6,0,0,0,0,0,0,0,0,0,0,0,0,0
2019-05-24,0,0,0,0,8,0,0,0,0,0,0,0,0,0,0,0,0,0
2019-05-26,1,0,0,0,1,0,0,0,0,0,0,0,0,0,0,0,0,0
2019-05-27,0,0,0,0,2,0,0,0,0,0,0,1,0,0,0,0,0,0
2019-05-28,1,0,2,0,11,0,0,0,0,0,0,0,0,0,0,0,0,1
2019-05-29,0,0,0,0,5,0,0,0,0,0,0,0,0,0,0,0,0,0
2019-05-30,0,0,0,0,87,0,0,0,0,0,0,0,0,0,0,0,0,0
2019-05-31,0,0,0,0,114,0,0,0,0,0,0,0,0,0,0,0,0,0
2019-06-01,0,0,0,0,11,0,0,0,0,0,0,0,0,0,0,0,0,0
2019-06-02,0,0,0,0,3,0,0,0,0,0,0,0,0,0,0,0,0,0
2019-06-03,0,2,0,0,0,0,0,0,0,0,0,0,0,0,0,0,0,0
2019-06-04,0,0,0,0,4,0,0,0,0,0,0,0,0,0,0,0,0,0
2019-06-05,0,0,0,0,1,0,0,0,0,0,0,0,0,0,0,0,0,0
2019-06-06,2,0,0,0,3,0,0,0,0,0,0,0,0,0,0,0,0,0
2019-06-07,0,0,0,0,2,0,0,1,0,0,0,0,0,0,0,0,0,0
2019-06-09,0,0,0,0,2,0,0,0,0,0,0,0,0,0,0,0,0,0
2019-06-10,0,0,0,0,1,0,0,0,0,0,0,0,0,0,0,0,0,0
2019-06-11,1,2,0,0,0,0,0,0,0,0,0,0,0,0,0,0,0,0
2019-06-12,0,0,0,0,7,0,0,0,0,0,0,0,0,0,0,0,0,0
2019-06-13,0,2,0,0,12,0,0,0,0,0,0,0,0,0,0,0,0,0
2019-06-14,1,0,0,0,8,0,0,1,0,0,0,0,0,0,0,0,0,0
2019-06-15,0,0,0,0,2,0,0,0,0,0,0,0,0,0,0,0,0,0
2019-06-16,3,0,0,0,0,0,0,0,0,0,0,0,0,0,0,0,0,0
2019-06-17,0,0,0,0,5,0,0,0,0,0,0,1,0,0,0,0,0,0
2019-06-18,0,0,0,0,5,0,0,0,0,0,0,0,0,0,0,0,0,0
2019-06-19,0,0,0,0,4,0,0,0,0,0,0,0,0,0,0,0,0,0
2019-06-20,1,0,0,0,1,0,0,0,0,0,0,1,0,0,0,0,0,0
2019-06-21,0,0,0,0,0,0,0,0,0,0,0,1,0,0,0,0,0,0
2019-06-23,0,0,0,0,4,0,0,0,0,0,0,0,0,0,0,0,0,0
2019-06-24,13,0,0,0,4,0,0,0,0,0,0,1,0,0,0,0,0,0
2019-06-25,27,5,0,0,160,0,0,0,0,0,0,0,0,0,0,0,0,0
2019-06-26,2,2,0,0,112,0,0,0,0,0,0,4,0,0,0,0,0,0
2019-06-27,2,1,0,0,52,0,0,1,0,0,0,0,0,0,0,0,0,0
2019-06-28,1,0,0,0,22,0,0,1,0,0,0,0,0,0,0,0,0,0
2019-06-29,0,2,0,0,15,0,0,0,0,0,0,0,0,0,0,0,0,0
2019-06-30,1,0,0,0,19,0,0,0,0,0,0,0,0,0,0,0,0,0
2019-07-01,5,1,0,0,49,0,0,1,0,0,0,0,0,0,0,0,0,0
2019-07-02,2,1,0,0,39,0,0,1,0,0,0,1,0,0,0,0,0,0
2019-07-03,0,0,0,0,28,0,0,0,0,0,0,1,0,0,0,0,0,0
2019-07-04,6,0,0,0,24,0,0,0,0,0,0,0,0,0,0,0,0,0
2019-07-05,2,0,0,0,2,0,0,0,0,0,0,0,0,0,0,0,0,0
2019-07-06,0,0,0,0,2,0,0,0,0,0,0,0,0,0,0,0,0,0
2019-07-07,1,0,0,0,6,0,0,0,0,0,0,0,0,0,0,0,0,0
2019-07-08,0,1,0,0,8,0,0,1,0,0,0,0,0,0,0,0,1,0
2019-07-09,1,1,0,0,5,0,0,0,0,0,0,0,0,0,0,0,0,0
2019-07-10,0,0,0,0,2,0,0,0,0,0,0,0,0,0,0,0,0,0
2019-07-11,0,0,0,0,11,0,0,0,0,0,0,0,0,0,0,0,0,0
2019-07-12,0,1,0,0,2,0,0,0,0,0,0,0,0,0,0,0,0,0
2019-07-13,0,0,0,0,1,0,0,0,0,0,0,0,0,0,0,0,0,0
2019-07-14,0,0,0,0,0,0,0,0,0,0,0,1,0,0,0,0,0,1
2019-07-15,0,0,0,0,10,0,0,0,0,0,0,0,0,0,0,0,0,0
2019-07-16,0,1,0,0,7,0,0,0,0,0,0,0,0,0,0,0,0,0
2019-07-17,2,1,0,0,1,0,0,0,0,0,0,0,0,0,0,0,0,0
2019-07-18,0,0,0,0,5,0,0,0,0,0,0,0,0,0,0,0,0,0
2019-07-19,0,0,0,0,4,0,0,0,1,0,0,0,0,0,0,0,0,0
2019-07-20,0,0,0,0,3,0,0,0,0,0,0,0,0,0,0,0,0,0
2019-07-21,0,0,0,0,0,0,0,0,0,0,0,1,0,0,0,0,0,0
2019-07-23,0,0,0,0,2,0,0,1,0,0,0,0,0,0,0,0,1,0
2019-07-24,0,1,0,0,0,0,0,2,1,0,0,1,0,0,0,0,0,0
2019-07-25,0,0,0,0,8,0,0,0,0,0,0,0,0,0,0,0,0,0
2019-07-26,2,1,0,0,4,0,0,0,0,0,0,0,0,0,0,0,0,0
2019-07-27,0,0,0,0,2,0,0,0,0,0,0,0,0,0,0,0,0,0
2019-07-28,0,0,0,0,0,0,0,0,0,0,0,1,0,0,0,0,0,0
2019-07-29,0,0,0,0,3,0,0,0,0,0,0,0,0,0,0,0,0,0
2019-07-30,0,0,0,0,5,0,0,0,0,0,0,0,0,0,0,0,0,0
2019-07-31,0,3,0,0,3,0,0,0,0,0,0,0,0,0,0,0,0,0
2019-08-01,0,0,0,0,4,0,0,0,0,0,0,0,0,0,0,0,0,0
2019-08-03,0,0,0,0,1,0,0,0,0,0,0,0,0,0,0,0,0,0
2019-08-05,0,0,0,0,2,0,0,0,0,0,0,0,0,0,0,0,0,0
2019-08-06,0,0,0,0,3,0,0,0,0,0,0,0,0,0,0,0,0,0
2019-08-07,0,0,0,0,1,0,0,0,0,0,0,0,0,0,0,0,0,0
2019-08-08,0,0,0,0,5,0,0,0,0,0,0,0,0,0,0,0,0,0
2019-08-09,0,0,0,0,13,0,0,0,0,0,0,1,0,0,0,0,0,0
2019-08-10,0,0,0,0,3,0,0,0,0,0,0,0,0,0,0,0,0,0
2019-08-12,0,0,0,0,6,0,0,0,0,0,0,0,0,0,0,0,0,0
2019-08-13,0,0,0,0,14,0,0,0,0,0,0,0,0,0,0,0,0,0
2019-08-14,7,0,0,0,38,0,0,0,0,0,0,1,0,0,0,0,0,0
2019-08-15,1,0,0,0,14,0,0,0,0,0,0,0,0,0,0,0,0,0
2019-08-16,3,0,0,0,3,0,0,0,0,0,0,0,0,0,0,0,0,0
2019-08-17,0,0,0,0,1,0,0,0,0,0,0,0,0,0,0,0,0,0
2019-08-18,2,0,0,0,3,0,0,0,0,0,0,0,0,0,0,0,0,0
2019-08-19,0,0,0,0,2,0,0,0,0,0,0,1,0,0,0,0,0,0
2019-08-20,1,0,0,0,2,0,0,1,0,0,0,0,0,0,0,0,0,0
2019-08-21,0,0,0,0,9,0,0,0,0,0,0,0,0,0,0,0,0,0
2019-08-22,0,3,0,0,3,0,0,0,0,0,0,0,0,0,0,0,0,0
2019-08-23,2,0,0,0,34,0,0,0,0,0,0,0,0,0,0,0,0,0
2019-08-24,0,0,0,0,29,0,0,0,0,0,0,0,0,0,0,0,0,0
2019-08-25,1,0,0,0,8,0,0,0,0,0,0,0,0,0,0,0,0,0
2019-08-26,0,0,0,0,16,0,0,1,0,0,0,0,0,0,0,0,0,0
2019-08-27,0,1,0,0,11,0,0,2,0,0,0,0,0,0,0,0,0,0
2019-08-28,0,0,0,0,1,0,0,0,0,0,0,1,0,0,0,0,0,0
2019-08-29,0,1,1,0,2,0,0,0,0,0,0,0,0,0,0,0,0,0
2019-08-30,0,1,0,0,28,0,0,1,0,0,0,1,0,0,0,0,0,0
2019-08-31,0,0,0,0,5,0,0,0,0,0,0,0,0,0,0,0,0,0
2019-09-01,0,0,0,0,13,0,0,0,0,0,0,1,0,0,0,0,2,0
2019-09-02,0,2,0,0,25,0,0,0,1,0,0,0,0,0,0,0,0,0
2019-09-03,0,1,0,0,52,0,0,0,0,0,0,5,0,0,0,0,0,0
2019-09-04,1,0,0,0,21,0,0,1,0,0,0,0,0,0,0,0,1,0
2019-09-05,0,1,0,0,16,0,0,0,0,0,0,0,0,0,0,0,0,0
2019-09-06,0,0,0,0,30,0,0,0,0,0,0,1,0,0,0,0,0,0
2019-09-07,0,0,0,0,6,0,0,0,0,0,0,0,0,0,0,0,0,0
2019-09-08,0,0,0,0,20,0,0,0,0,0,0,0,0,0,0,0,1,0
2019-09-09,0,0,0,0,13,0,0,0,0,0,0,0,0,0,0,0,0,0
2019-09-10,0,0,0,0,9,0,0,0,0,0,0,0,0,0,0,0,0,0
2019-09-11,0,0,0,0,3,0,0,0,0,0,0,2,0,0,0,0,0,0
2019-09-12,0,0,0,0,1,0,0,0,0,0,0,0,0,0,0,0,0,0
2019-09-13,0,0,0,0,3,0,0,0,0,0,0,0,0,0,0,0,0,0
2019-09-14,0,0,0,0,6,0,0,0,0,0,0,3,0,0,0,0,0,0
2019-09-16,3,0,0,0,3,0,0,0,0,0,0,3,0,0,0,0,0,0
2019-09-17,1,0,0,0,1,0,0,0,0,0,0,0,0,0,0,0,0,0
2019-09-19,0,0,0,0,1,0,0,0,0,0,0,0,0,0,0,0,0,0
2019-09-20,0,0,0,0,4,0,0,0,0,0,0,0,0,0,0,0,0,0
2019-09-21,0,0,0,0,1,0,0,0,0,0,0,0,0,0,0,0,0,0
2019-09-22,0,0,0,0,11,0,0,0,0,0,0,0,0,0,0,0,0,0
2019-09-23,0,0,0,0,16,0,0,0,0,0,0,0,0,0,0,0,1,0
2019-09-24,0,0,0,0,5,0,0,0,0,0,0,0,0,0,0,0,0,0
2019-09-25,0,0,0,0,39,0,0,0,0,0,0,2,0,0,0,0,0,0
2019-09-26,1,0,0,0,15,0,0,0,0,0,0,0,0,0,0,0,0,0
2019-09-27,2,0,0,0,2,0,0,0,0,0,0,0,0,0,0,0,0,0
2019-09-28,0,0,0,0,3,0,0,0,0,0,0,0,0,0,0,0,0,0
2019-09-29,0,0,0,0,1,0,0,1,0,0,0,0,0,0,0,0,0,0
2019-09-30,0,0,0,0,10,0,0,0,0,0,0,0,0,0,0,0,0,0
2019-10-01,0,0,1,0,30,0,0,0,0,0,0,0,0,0,0,0,0,0
2019-10-02,0,0,0,0,4,0,0,0,0,0,0,0,0,0,0,0,0,0
2019-10-03,0,0,0,0,3,0,0,0,0,0,0,1,0,0,0,0,0,0
2019-10-04,0,0,0,0,32,0,0,0,0,0,0,0,0,0,0,0,0,0
2019-10-05,0,0,0,0,28,0,0,0,0,0,0,0,0,0,0,0,0,0
2019-10-06,0,0,0,0,35,0,0,0,0,0,0,0,0,0,0,0,0,0
2019-10-07,0,1,0,0,17,0,0,0,0,0,0,0,0,0,0,0,0,0
2019-10-08,0,0,0,0,5,0,0,0,0,0,0,0,0,0,0,0,0,0
2019-10-09,0,0,2,0,5,0,0,0,0,0,0,0,0,0,0,0,0,0
2019-10-10,0,0,1,0,0,0,0,0,0,0,0,2,0,0,0,0,0,0
2019-10-11,1,0,0,0,1,0,0,0,0,0,0,0,0,0,0,0,0,0
2019-10-12,0,0,0,0,2,0,0,0,0,0,0,0,0,0,0,0,0,0
2019-10-13,0,0,0,0,13,0,0,0,0,0,0,0,0,0,0,0,0,0
2019-10-14,0,0,0,0,7,0,0,0,0,0,0,0,0,0,0,0,0,0
2019-10-15,0,0,0,0,3,0,0,0,0,0,0,0,0,0,0,0,0,0
2019-10-16,2,0,0,0,0,0,0,0,0,0,0,0,0,0,0,0,0,0
2019-10-17,0,0,0,0,0,0,0,0,0,0,0,1,0,0,0,0,0,0
2019-10-18,0,0,1,0,0,0,0,0,0,0,0,1,0,0,0,0,0,0
2019-10-20,0,1,0,0,1,0,0,0,0,0,0,0,0,0,0,0,0,0
2019-10-21,1,0,0,0,11,0,0,0,0,0,0,0,0,0,0,0,0,0
2019-10-22,0,0,0,0,8,0,0,0,0,0,0,0,0,0,0,0,0,0
2019-10-23,1,0,4,0,9,0,0,0,0,0,0,0,0,0,0,0,0,0
2019-10-24,0,0,0,0,3,0,0,0,0,0,0,0,0,0,0,0,0,0
2019-10-25,0,0,0,0,3,0,0,0,0,0,0,0,0,0,0,0,0,0
2019-10-29,0,0,0,0,2,0,0,0,0,0,0,0,0,0,0,0,0,0
2019-10-30,0,0,0,0,1,0,0,0,0,0,0,0,0,0,0,0,0,0
2019-10-31,0,0,0,0,1,0,0,0,0,0,0,0,0,0,0,0,0,0
2019-11-01,0,0,0,0,4,0,0,0,0,0,0,0,0,0,0,0,0,0
2019-11-02,0,0,0,0,0,0,0,0,2,0,0,0,0,0,0,0,0,0
2019-11-03,0,0,0,0,1,0,0,0,0,0,0,0,0,0,0,0,0,0
2019-11-04,1,0,0,0,2,0,0,0,0,0,0,1,0,0,0,0,0,0
2019-11-05,0,0,0,0,8,0,0,0,0,0,0,0,0,0,0,0,0,0
2019-11-06,0,0,0,0,16,0,0,0,0,0,0,0,0,0,0,0,0,0
2019-11-07,0,0,0,0,8,0,0,0,0,0,0,0,0,0,0,0,0,0
2019-11-08,0,0,0,0,1,0,0,0,0,0,0,0,0,0,0,0,0,0
2019-11-09,0,1,0,0,1,0,0,0,0,0,0,0,0,0,0,0,0,0
2019-11-10,0,0,0,0,1,0,0,0,0,0,0,0,0,0,0,0,0,0
2019-11-11,0,1,0,0,2,0,0,0,0,0,0,0,0,0,0,0,0,0
2019-11-12,1,0,0,0,0,0,0,0,0,0,0,0,0,0,0,0,0,0
2019-11-13,2,1,0,0,7,0,0,0,0,0,0,1,0,0,0,0,0,0
2019-11-14,0,0,0,0,2,0,0,0,0,0,0,0,0,0,0,0,0,0
2019-11-15,3,0,0,0,3,0,0,0,0,0,0,1,0,0,0,0,0,0
2019-11-16,0,0,0,0,5,0,0,0,0,0,0,0,0,0,0,0,2,0
2019-11-17,0,0,0,0,45,0,0,0,0,0,0,0,0,0,0,0,0,0
2019-11-18,1,0,0,0,237,0,0,0,0,0,0,0,0,0,0,0,0,0
2019-11-19,0,0,0,0,61,0,0,0,0,0,0,2,0,0,0,0,0,0
2019-11-20,0,0,0,0,32,0,0,0,0,0,0,0,0,0,0,0,0,0
2019-11-21,0,0,0,0,24,0,0,0,0,0,0,0,0,0,0,0,0,0
2019-11-22,2,1,0,0,36,0,0,0,0,0,0,1,0,0,0,0,0,0
2019-11-23,0,0,0,0,20,0,0,0,0,0,0,1,0,0,0,0,0,0
2019-11-24,0,0,0,0,1,0,0,0,0,0,0,0,0,0,0,0,0,0
2019-11-25,2,0,0,0,19,0,0,0,0,0,0,0,0,0,0,0,0,0
2019-11-26,2,0,0,0,3,0,0,0,0,0,0,2,0,0,0,0,0,0
2019-11-27,0,0,0,0,5,0,0,0,0,0,0,0,0,0,0,0,0,0
2019-11-28,0,1,0,0,4,0,0,0,0,0,0,0,0,0,0,0,0,0
2019-11-29,0,0,0,0,4,0,0,0,0,0,0,0,0,0,0,0,0,0
2019-11-30,0,0,0,0,12,0,0,0,0,0,0,0,0,0,0,0,0,0
2019-12-01,0,0,0,0,4,0,0,0,0,0,0,0,0,0,0,0,0,0
2019-12-02,1,0,0,0,3,0,0,0,0,0,0,0,0,0,0,0,0,0
2019-12-03,4,1,0,0,18,0,0,0,0,0,0,0,0,0,0,0,0,0
2019-12-04,17,2,0,0,24,0,0,0,0,0,0,3,0,0,0,0,0,0
2019-12-05,1,1,0,0,8,0,0,0,0,0,0,0,0,0,0,0,0,0
2019-12-06,1,0,0,0,32,0,0,0,2,0,0,0,0,0,0,0,0,0
2019-12-07,2,0,0,0,5,0,0,0,0,0,0,4,0,0,0,0,0,0
2019-12-08,0,0,0,0,18,0,0,0,0,0,0,0,0,0,0,0,0,0
2019-12-09,13,3,0,0,115,0,0,0,0,0,0,2,0,0,0,0,0,1
2019-12-10,10,0,0,0,25,0,0,0,1,0,0,1,0,0,0,0,0,0
2019-12-11,3,0,0,0,11,0,0,0,0,0,0,0,0,0,0,0,0,0
2019-12-12,0,2,0,0,5,0,0,1,0,0,0,1,0,0,0,0,0,0
2019-12-13,5,0,0,0,5,0,0,0,0,0,0,0,0,0,0,0,0,0
2019-12-14,0,0,0,0,8,0,0,0,0,0,0,2,0,0,0,0,0,0
2019-12-15,0,0,0,0,15,0,0,0,0,0,0,0,0,0,0,0,0,0
2019-12-16,5,4,0,0,29,0,0,0,0,0,0,0,0,0,0,0,0,0
2019-12-17,3,0,0,0,8,0,0,0,0,0,0,0,0,0,0,0,0,0
2019-12-18,2,0,0,0,1,0,0,0,0,0,0,0,0,0,0,0,0,0
2019-12-19,18,0,0,0,3,0,0,0,0,0,0,0,0,0,0,0,0,0
2019-12-20,0,0,0,0,12,0,0,0,0,0,0,1,0,0,0,0,0,0
2019-12-22,3,0,0,0,7,0,0,0,0,0,0,0,0,0,0,0,0,0
2019-12-23,0,0,0,0,5,0,0,1,0,0,0,0,0,0,0,0,0,0
2019-12-24,0,0,0,0,1,0,0,0,0,0,0,0,0,0,0,0,0,0
2019-12-26,0,1,0,0,2,0,0,0,0,0,0,0,0,0,0,0,0,0
2019-12-27,0,0,0,0,8,0,0,0,0,0,0,2,0,0,0,0,0,0
2019-12-28,0,0,0,0,5,0,0,0,0,0,0,0,0,0,0,0,0,0
2019-12-29,0,0,0,0,1,0,0,0,0,0,0,0,0,0,0,0,0,0
2019-12-30,1,0,0,0,1,0,0,0,0,0,0,0,0,0,0,0,0,0
2019-12-31,1,0,0,0,1,0,0,0,0,0,0,0,0,0,0,0,0,0
2020-01-01,0,0,2,0,0,0,0,0,0,0,0,0,0,0,0,0,0,0
2020-01-02,0,0,0,0,3,0,0,0,0,0,0,0,0,0,0,0,0,0
2020-01-03,0,1,0,0,2,0,0,0,0,0,0,2,0,0,0,0,0,0
2020-01-04,3,0,0,0,2,0,0,0,0,0,0,0,0,0,0,0,0,0
2020-01-05,0,0,0,0,14,0,0,0,0,0,0,1,0,0,0,0,0,0
2020-01-06,0,1,0,0,2,0,0,0,0,0,0,0,0,0,0,0,0,0
2020-01-07,0,1,0,0,10,0,0,0,0,0,0,0,0,0,0,0,0,0
2020-01-08,1,7,0,0,21,0,0,0,0,0,0,1,0,0,0,0,0,0
2020-01-09,3,0,0,0,8,0,0,0,0,0,0,0,0,0,0,0,0,0
2020-01-10,2,0,0,0,6,0,0,0,0,0,0,1,0,0,0,0,0,0
2020-01-11,0,0,0,0,2,0,0,0,0,0,0,0,0,0,0,0,0,0
2020-01-12,2,0,0,0,1,0,0,0,0,0,0,0,0,0,0,0,0,0
2020-01-13,0,0,0,0,3,0,0,0,0,0,0,0,0,0,0,0,0,0
2020-01-14,0,0,0,0,3,0,0,0,0,0,0,0,0,0,0,0,0,0
2020-01-15,0,0,0,0,5,0,0,1,0,0,0,0,0,0,0,0,0,0
2020-01-16,1,1,0,0,4,0,0,0,0,0,0,1,0,0,0,0,0,0
2020-01-17,0,0,0,0,13,0,0,0,0,0,0,0,0,0,0,0,0,0
2020-01-18,0,0,0,0,2,0,0,1,0,0,0,0,0,0,0,0,0,0
2020-01-19,1,0,0,0,2,0,0,0,0,0,0,0,0,0,0,0,0,0
2020-01-20,0,0,0,0,7,0,0,0,0,0,0,0,0,0,0,0,0,0
2020-01-21,0,0,0,0,5,0,0,0,0,0,0,4,0,0,0,0,0,0
2020-01-22,0,1,0,0,7,0,0,0,0,0,0,0,0,0,0,0,0,0
2020-01-23,0,0,0,0,6,0,0,0,0,0,0,1,0,0,0,0,0,0
2020-01-24,0,0,0,0,2,0,0,1,0,0,0,2,0,0,0,0,0,0
2020-01-25,0,0,0,0,4,0,0,0,0,0,0,2,0,0,0,0,0,0
2020-01-26,0,0,0,0,16,0,0,0,0,0,0,1,0,0,0,0,0,0
2020-01-27,0,1,0,0,1,0,0,0,0,0,0,0,0,0,0,0,0,0
2020-01-28,15,1,0,0,9,0,0,0,0,0,0,2,0,0,0,0,0,0
2020-01-29,1,1,0,0,8,0,0,0,0,0,0,1,0,0,0,0,0,0
2020-01-30,6,1,0,0,14,0,0,0,0,0,0,0,0,0,0,0,1,0
2020-01-31,4,0,0,0,40,0,0,1,0,0,0,0,0,0,0,0,0,0
2020-02-01,0,0,0,0,6,0,0,0,0,0,0,2,0,0,0,0,0,0
2020-02-02,0,0,0,0,1,0,0,0,0,0,0,0,0,0,0,0,0,0
2020-02-03,0,0,0,0,12,0,0,0,0,0,0,0,0,0,0,0,0,0
2020-02-04,4,0,0,0,8,0,0,0,0,0,0,0,0,0,0,0,0,0
2020-02-05,0,0,0,0,5,0,0,2,0,0,0,0,0,0,0,0,1,0
2020-02-06,1,0,1,0,24,0,0,0,0,0,0,0,0,0,0,0,0,0
2020-02-07,2,1,0,0,21,0,0,0,0,0,0,0,0,0,0,0,0,0
2020-02-08,0,0,0,0,13,0,0,1,0,0,0,3,0,0,0,0,1,0
2020-02-09,0,0,0,0,28,0,0,1,0,0,0,11,0,0,0,0,0,0
2020-02-10,0,0,0,0,5,0,0,0,0,0,0,3,0,0,0,0,0,0
2020-02-11,0,1,0,0,7,0,0,0,0,0,0,2,0,0,0,0,0,0
2020-02-12,1,0,0,0,6,0,0,0,0,0,0,3,0,0,0,0,0,0
2020-02-13,0,0,0,0,2,0,0,0,0,0,0,2,0,0,0,0,0,0
2020-02-14,1,0,0,0,1,0,0,0,0,0,0,1,0,0,0,0,0,0
2020-02-15,1,0,0,0,0,0,0,0,0,0,0,0,0,0,0,0,0,0
2020-02-16,0,0,0,0,1,0,0,0,0,0,0,3,0,0,0,0,0,0
2020-02-17,0,0,0,0,1,0,0,0,0,0,0,2,0,0,0,0,0,0
2020-02-18,0,0,1,0,8,0,0,0,0,0,0,2,0,0,0,0,0,0
2020-02-19,2,0,0,0,2,0,0,0,0,0,0,1,0,0,0,0,0,0
2020-02-20,1,0,0,0,2,0,0,0,0,0,0,0,0,0,0,0,0,0
2020-02-21,1,1,0,0,3,0,0,0,0,0,0,1,0,0,0,0,0,0
2020-02-22,0,0,0,0,3,0,0,0,0,0,0,0,0,0,0,0,0,0
2020-02-23,0,0,0,0,1,0,0,0,0,0,0,2,0,0,0,0,0,0
2020-02-24,0,1,0,0,3,0,0,0,0,0,0,4,0,0,0,0,0,0
2020-02-25,0,0,0,0,3,0,0,1,0,0,0,1,0,0,0,0,0,0
2020-02-26,0,0,0,0,1,0,0,0,0,0,0,1,0,0,0,0,0,0
2020-02-27,0,0,0,0,2,0,0,1,0,0,0,0,0,0,0,0,0,0
2020-02-28,6,0,0,0,0,0,0,0,0,0,0,0,0,0,0,0,0,0
2020-02-29,2,0,0,0,0,0,0,0,0,0,0,0,0,0,0,0,0,0
2020-03-01,0,0,0,0,3,0,0,0,0,0,0,0,0,0,0,0,0,0
2020-03-02,0,0,0,0,9,0,0,0,0,0,0,0,0,0,0,0,0,0
2020-03-03,7,2,0,0,2,0,0,0,0,0,0,0,0,0,0,0,0,0
2020-03-04,1,0,0,0,1,0,0,1,0,0,0,0,0,0,0,0,0,0
2020-03-05,2,0,0,0,0,0,0,0,0,0,0,3,0,0,0,0,0,0
2020-03-06,1,0,0,0,0,0,0,0,0,0,0,0,0,0,0,0,0,0
2020-03-07,0,1,0,0,4,0,0,0,0,0,0,0,0,0,0,0,0,0
2020-03-08,0,0,0,0,1,0,0,0,0,0,0,0,0,0,0,0,0,0
2020-03-09,1,0,0,0,10,0,0,0,0,0,0,1,0,0,0,0,0,0
2020-03-10,0,0,0,0,11,0,0,0,0,0,0,0,0,0,0,0,0,0
2020-03-11,0,0,0,0,4,0,0,5,0,0,0,0,0,0,0,0,0,0
2020-03-12,0,0,0,0,2,0,0,0,0,0,0,0,0,0,0,0,0,0
2020-03-13,0,0,0,0,6,0,0,0,0,0,0,0,0,0,0,0,0,0
2020-03-14,1,0,0,0,2,0,0,0,0,0,0,0,0,0,0,0,0,0
2020-03-15,0,0,0,0,25,0,0,0,0,0,0,1,0,0,0,0,0,0
2020-03-16,0,1,0,0,4,0,0,0,0,0,0,0,0,0,0,0,0,0
2020-03-17,0,0,0,0,88,0,0,0,1,0,0,1,0,0,0,0,0,0
2020-03-18,0,0,0,0,105,0,0,0,0,0,0,1,0,0,0,0,0,0
2020-03-19,1,0,0,0,46,0,0,0,0,0,0,0,0,0,0,0,0,0
2020-03-20,0,3,0,0,16,0,0,1,0,0,0,0,0,0,0,0,0,0
2020-03-21,0,0,0,0,4,0,0,0,0,0,0,1,0,0,0,0,0,0
2020-03-22,0,0,0,0,14,0,0,0,0,0,0,0,0,0,0,0,0,0
2020-03-23,1,0,0,0,18,0,0,0,0,0,0,0,0,0,0,0,0,0
2020-03-24,2,0,0,0,24,0,0,0,0,0,0,0,0,0,0,0,0,0
2020-03-25,0,1,0,0,6,0,0,0,0,0,0,0,0,0,0,0,0,0
2020-03-26,1,0,0,0,16,0,0,1,0,0,0,0,0,0,0,0,0,0
2020-03-27,2,0,0,0,9,0,0,0,0,0,0,0,0,0,0,0,0,0
2020-03-28,0,0,0,0,5,0,0,0,0,0,0,1,0,0,0,0,0,0
2020-03-29,0,0,0,0,2,0,0,0,0,0,0,0,0,0,0,0,0,0
2020-03-30,0,0,0,0,10,0,0,0,0,0,0,4,0,0,0,0,0,0
2020-03-31,1,0,0,0,1,0,0,0,0,0,0,1,0,0,1,0,0,0
2020-04-01,1,0,0,0,2,0,0,0,1,0,0,0,0,0,0,0,0,0
2020-04-02,0,0,0,0,4,0,0,0,0,0,0,0,0,0,0,0,0,0
2020-04-03,0,0,0,0,1,0,0,0,0,0,0,0,0,0,0,0,0,0
2020-04-04,0,0,0,0,1,0,0,0,0,0,0,0,0,0,0,0,0,0
2020-04-05,0,1,0,0,4,0,0,0,0,0,0,0,0,0,0,0,0,0
2020-04-06,17,1,1,0,0,0,0,0,0,0,0,1,0,0,0,0,0,0
2020-04-07,1,1,0,0,9,0,0,1,0,0,0,0,0,0,0,0,0,0
2020-04-08,4,2,0,0,4,0,0,0,0,0,0,0,0,0,0,0,0,0
2020-04-09,1,0,0,0,2,0,0,0,0,0,0,0,0,0,0,0,0,0
2020-04-10,0,0,0,0,7,0,0,0,0,0,0,1,0,0,0,0,0,0
2020-04-11,1,0,0,0,1,0,0,0,0,0,0,1,0,0,0,0,0,0
2020-04-12,1,0,0,0,3,0,0,0,0,0,0,0,0,0,0,0,0,0
2020-04-13,1,0,0,0,6,0,0,0,0,0,0,0,0,0,0,0,0,0
2020-04-14,0,2,0,0,3,0,0,0,0,0,0,0,0,0,0,0,0,0
2020-04-15,3,0,0,0,4,0,0,0,0,0,0,0,0,0,0,0,0,0
2020-04-16,6,0,0,0,1,0,0,0,0,0,0,1,0,0,0,0,0,0
2020-04-17,0,2,0,0,3,0,0,0,0,0,0,0,0,0,0,0,0,0
2020-04-18,0,0,0,0,29,0,0,0,1,0,0,2,0,0,0,0,0,0
2020-04-19,0,0,0,0,14,0,0,0,0,0,0,0,0,0,0,0,0,0
2020-04-20,4,0,0,0,6,0,0,0,1,0,0,1,0,0,0,0,0,0
2020-04-21,3,0,0,0,9,0,0,0,0,0,0,1,0,0,0,0,0,0
2020-04-22,0,0,0,0,8,0,0,0,0,0,0,0,0,0,0,0,0,0
2020-04-23,1,0,0,0,19,0,0,0,0,0,0,0,0,0,0,0,0,0
2020-04-24,3,5,0,0,11,0,0,0,1,0,0,0,0,0,0,0,0,0
2020-04-25,1,0,0,0,1,0,0,0,0,0,0,0,0,0,0,0,0,0
2020-04-26,1,0,0,0,2,0,0,0,2,0,0,0,0,0,0,0,0,1
2020-04-27,1,1,0,0,3,0,0,0,0,0,0,0,0,0,0,0,0,0
2020-04-28,1,0,0,0,4,0,0,0,0,0,0,0,0,0,0,0,0,1
2020-04-29,0,0,0,0,25,0,0,0,0,0,0,1,0,0,0,0,0,0
2020-04-30,0,0,0,0,12,0,0,0,0,0,0,0,0,0,0,0,0,0
2020-05-01,0,0,0,0,4,0,0,0,0,0,0,1,0,0,0,0,0,0
2020-05-02,0,0,0,0,4,0,0,0,0,0,0,0,0,0,0,0,0,0
2020-05-03,1,0,0,0,1,0,0,0,0,0,0,0,0,0,0,0,0,0
2020-05-04,0,0,0,0,14,0,0,0,0,0,0,0,0,0,0,0,0,0
2020-05-05,0,1,0,0,12,0,0,0,0,0,0,0,0,0,0,0,0,0
2020-05-06,0,0,0,0,4,0,0,0,0,0,0,1,0,0,0,0,0,0
2020-05-07,1,0,0,0,19,0,0,0,0,0,0,2,0,0,0,0,0,0
2020-05-08,0,0,0,0,3,0,0,0,0,0,0,0,0,0,0,0,0,0
2020-05-09,0,0,0,0,6,0,0,0,0,0,0,0,0,0,0,0,0,0
2020-05-10,0,0,0,0,6,0,0,0,0,0,0,2,0,0,0,0,0,0
2020-05-11,0,0,0,0,21,0,0,0,0,0,0,0,0,0,0,0,0,0
2020-05-12,0,0,0,0,6,0,0,0,0,0,0,0,0,0,0,0,0,0
2020-05-13,0,0,0,0,3,0,0,0,0,0,0,0,0,0,0,0,0,0
2020-05-14,2,1,0,0,15,0,0,0,0,0,0,0,0,0,0,0,0,0
2020-05-15,0,1,0,0,8,0,0,0,0,0,0,0,0,0,0,0,0,0
2020-05-16,0,0,0,0,9,0,0,0,0,0,0,1,0,0,0,0,0,0
2020-05-17,0,0,0,0,8,0,0,0,0,0,0,0,0,0,0,0,0,0
2020-05-18,0,1,0,0,18,0,0,0,0,0,0,1,0,0,0,0,0,0
2020-05-19,0,0,0,0,4,0,0,0,0,0,0,0,0,0,0,0,0,0
2020-05-20,1,0,0,0,2,0,0,0,0,0,0,1,0,0,0,0,0,0
2020-05-21,2,0,0,0,1,0,0,0,0,0,0,0,0,0,0,0,0,0
2020-05-22,3,0,0,0,3,0,0,0,0,0,0,0,0,0,0,0,0,0
2020-05-23,0,0,0,0,3,0,0,0,0,0,0,0,0,0,0,0,0,0
2020-05-24,0,0,0,0,0,0,0,0,0,0,0,1,0,0,0,0,0,0
2020-05-25,3,0,0,0,6,0,0,0,0,0,0,0,0,0,0,0,0,0
2020-05-26,3,0,0,0,3,0,0,0,0,0,0,1,0,0,0,0,0,0
2020-05-27,0,0,0,0,5,0,0,0,0,0,0,0,0,0,0,0,0,0
2020-05-28,0,1,0,0,1,0,0,0,0,0,0,2,0,0,0,0,0,1
2020-05-29,1,1,0,0,1,0,0,0,0,0,0,1,0,0,0,0,0,0
2020-05-30,0,0,0,0,1,0,0,0,0,0,0,0,0,0,0,0,0,0
2020-06-01,0,0,0,0,13,0,0,0,0,0,0,1,0,0,0,0,1,0
2020-06-02,0,0,2,0,2,0,0,0,0,0,0,0,0,0,0,0,0,0
2020-06-03,5,4,0,0,5,0,0,0,0,0,0,0,0,0,0,0,0,0
2020-06-04,0,0,0,0,2,0,0,0,0,0,0,0,0,0,0,0,0,0
2020-06-05,0,0,0,0,1,0,0,0,0,0,0,0,0,0,0,0,0,0
2020-06-08,0,0,0,0,52,0,0,0,0,0,0,1,0,0,0,0,0,0
2020-06-09,0,0,0,0,66,0,0,0,0,0,0,0,0,0,0,0,0,0
2020-06-10,0,0,0,0,22,0,0,0,0,0,0,0,0,0,0,0,0,0
2020-06-11,0,0,0,0,5,0,0,0,0,0,0,0,0,0,0,0,0,0
2020-06-12,0,0,0,0,9,0,0,0,0,0,0,0,0,0,0,0,0,0
2020-06-13,0,0,0,0,2,0,0,0,0,0,0,0,0,0,0,0,0,0
2020-06-14,0,0,0,0,2,0,0,0,0,0,0,0,0,0,0,0,0,0
2020-06-15,1,3,0,0,2,0,0,1,0,0,0,0,0,0,0,0,0,0
2020-06-16,0,0,0,0,2,0,0,0,0,0,0,0,0,0,0,0,0,0
2020-06-17,1,2,0,0,10,0,0,0,1,0,0,0,0,0,0,0,0,0
2020-06-18,1,0,0,0,10,0,0,0,2,0,0,0,0,0,0,0,0,0
2020-06-19,5,0,0,0,20,0,0,0,0,0,0,2,0,0,0,0,0,0
2020-06-20,1,0,0,0,4,0,0,0,0,0,0,1,0,0,0,0,0,0
2020-06-21,0,0,0,0,0,0,0,0,0,0,0,1,0,0,0,0,0,0
2020-06-22,0,0,0,0,6,0,0,0,0,0,0,1,0,0,0,0,0,0
2020-06-23,3,0,0,0,4,0,0,0,0,0,0,0,0,0,0,0,0,0
2020-06-24,0,1,2,0,9,0,0,0,0,0,0,0,0,0,0,0,0,0
2020-06-25,0,1,0,0,7,0,0,0,0,0,0,2,0,0,0,0,0,0
2020-06-26,6,0,0,0,131,0,0,0,2,0,0,0,0,0,0,0,0,0
2020-06-27,0,2,0,0,6,0,0,0,0,0,0,0,0,0,0,0,0,0
2020-06-28,0,0,1,0,4,0,0,0,0,0,0,3,0,0,0,0,0,0
2020-06-29,0,0,0,0,10,0,0,0,0,0,0,1,0,0,0,0,0,0
2020-06-30,0,0,0,0,45,0,0,0,0,0,0,2,0,0,0,0,0,0
2020-07-01,1,0,0,0,58,0,0,0,0,0,0,0,0,0,0,0,0,0
2020-07-02,5,2,0,0,48,0,0,0,0,0,0,0,0,0,0,0,2,0
2020-07-03,2,0,0,0,61,0,0,0,1,0,0,3,0,0,0,0,0,0
2020-07-04,1,0,0,0,15,0,0,1,0,0,0,6,0,0,0,0,0,0
2020-07-05,0,0,0,0,10,0,0,0,0,0,0,1,0,0,0,0,0,0
2020-07-06,4,3,0,0,75,0,0,0,0,0,0,1,0,0,0,0,0,2
2020-07-07,1,0,0,0,16,0,0,0,0,0,0,0,0,0,0,0,0,0
2020-07-08,3,0,0,0,15,0,0,1,0,0,0,0,0,0,0,0,0,0
2020-07-09,7,1,0,0,19,0,0,0,0,0,0,1,0,0,0,0,1,0
2020-07-10,7,2,0,0,12,0,0,0,1,0,0,0,0,0,0,0,0,0
2020-07-11,1,0,0,0,7,0,0,1,0,0,0,0,0,0,0,0,0,0
2020-07-12,0,0,0,0,10,0,0,0,0,0,0,1,0,0,0,0,0,0
2020-07-13,0,1,0,0,12,0,0,0,0,0,0,0,0,0,0,0,0,0
2020-07-14,1,2,0,0,35,0,0,0,0,0,0,2,0,0,0,0,0,0
2020-07-15,0,1,1,0,4,0,0,0,0,0,0,0,0,0,0,0,0,0
2020-07-16,0,1,1,0,7,0,0,0,0,0,0,0,0,0,0,0,0,0
2020-07-17,3,2,0,0,16,0,0,2,0,0,0,0,0,0,0,0,0,0
2020-07-18,0,0,0,0,1,0,0,0,0,0,0,0,0,0,0,0,0,0
2020-07-19,0,0,0,0,3,0,0,0,0,0,0,0,0,0,0,0,0,0
2020-07-20,1,0,0,0,5,0,0,0,0,0,0,0,0,0,0,0,0,1
2020-07-21,1,1,0,0,5,0,0,0,0,0,0,0,0,0,0,0,0,0
2020-07-22,3,2,0,0,7,0,0,0,0,0,0,0,0,0,0,0,0,0
2020-07-23,3,0,0,0,3,0,0,0,0,0,0,0,0,0,0,0,0,0
2020-07-24,0,0,0,0,24,0,0,0,0,0,0,1,0,0,0,0,0,0
2020-07-25,0,0,0,0,28,0,0,0,0,0,0,0,0,0,0,0,0,0
2020-07-26,1,0,0,0,4,0,0,0,0,0,0,0,0,0,0,0,0,0
2020-07-27,1,0,0,0,5,0,0,0,0,0,0,0,0,0,0,0,0,0
2020-07-28,0,0,0,0,4,0,0,0,0,0,0,0,0,0,0,0,0,0
2020-07-29,7,1,0,0,5,0,0,0,0,0,0,1,0,0,0,0,0,0
2020-07-30,16,2,0,0,2,0,0,0,0,0,0,2,0,0,0,0,0,0
2020-07-31,1,4,0,0,5,0,0,0,0,0,0,2,0,0,0,0,0,0
2020-08-01,1,0,0,0,24,0,0,0,0,0,0,0,0,0,0,0,0,0
2020-08-02,0,0,0,0,10,0,0,0,0,0,0,0,0,0,0,0,0,0
2020-08-03,1,0,0,0,4,0,0,0,0,0,0,0,0,0,0,0,0,0
2020-08-04,2,1,2,0,6,0,0,0,0,0,0,0,0,0,0,0,0,0
2020-08-05,0,1,0,0,4,0,0,0,0,0,0,0,0,0,0,0,0,0
2020-08-06,0,0,0,0,4,0,0,0,0,0,0,0,0,0,0,0,0,0
2020-08-07,0,0,0,0,2,0,0,0,0,0,0,0,0,0,0,0,0,0
2020-08-08,0,0,0,0,25,0,0,0,0,0,0,0,0,0,0,0,0,0
2020-08-09,0,0,0,0,81,0,0,1,0,0,0,0,0,0,0,0,0,0
2020-08-10,1,2,2,0,73,0,0,1,0,0,0,0,0,0,0,0,0,0
2020-08-11,0,0,0,0,113,0,0,1,0,0,0,1,0,0,0,0,0,0
2020-08-12,2,0,0,0,59,0,0,0,0,0,0,0,0,0,0,0,0,0
2020-08-13,1,1,0,0,37,0,0,0,0,0,0,0,0,0,0,0,0,0
2020-08-14,0,1,0,0,18,0,0,0,0,0,0,0,0,0,0,0,0,0
2020-08-15,0,0,0,0,41,0,0,0,0,0,0,0,0,0,0,0,0,0
2020-08-16,8,0,0,0,25,0,0,0,0,0,0,0,0,0,0,0,0,0
2020-08-17,1,0,0,0,17,0,0,1,0,0,0,0,0,0,0,0,0,0
2020-08-18,1,0,0,0,66,0,0,0,0,0,0,0,0,0,0,0,0,0
2020-08-19,0,0,0,0,19,0,0,0,0,0,0,0,0,0,0,0,0,0
2020-08-20,0,0,0,0,11,0,0,0,0,0,0,1,0,0,0,0,0,0
2020-08-21,0,0,0,0,3,0,0,0,0,0,0,0,0,0,0,0,0,0
2020-08-23,0,0,0,0,6,0,0,0,0,0,0,0,0,0,0,0,0,0
2020-08-24,0,0,0,0,6,0,0,0,0,0,0,0,0,0,0,0,0,0
2020-08-25,0,0,0,0,18,0,0,0,0,0,0,0,0,0,0,0,0,0
2020-08-26,0,0,0,0,12,0,0,0,0,0,0,0,0,0,0,0,0,0
2020-08-27,0,0,0,0,11,0,0,0,0,0,0,0,0,0,0,0,0,0
2020-08-28,0,0,0,0,8,0,0,0,0,0,0,0,0,0,0,0,0,0
2020-08-29,0,0,0,0,1,0,0,0,0,0,0,0,0,0,0,0,0,0
2020-08-30,0,0,0,0,9,0,0,0,0,0,0,0,0,0,0,0,0,0
2020-08-31,7,2,0,0,12,0,0,0,0,0,0,1,0,0,0,0,0,0
2020-09-01,0,0,0,0,25,0,0,2,0,0,0,3,0,0,0,0,0,0
2020-09-02,1,0,0,0,107,0,0,1,0,0,0,3,0,0,0,0,0,0
2020-09-03,1,1,0,0,70,0,0,0,0,0,0,0,0,0,0,0,0,0
2020-09-04,1,1,0,0,12,0,0,0,0,0,0,1,0,0,0,0,0,0
2020-09-05,0,0,0,0,6,0,0,0,0,0,0,0,0,0,0,0,0,0
2020-09-06,0,0,0,0,1,0,0,0,0,0,0,0,0,0,0,0,0,0
2020-09-07,0,0,0,0,2,0,0,0,0,0,0,0,0,0,0,0,0,0
2020-09-08,0,0,0,0,11,0,0,5,0,0,0,0,0,0,0,0,0,0
2020-09-09,14,1,0,0,2,0,0,0,0,0,0,0,0,0,0,0,0,0
2020-09-10,0,0,0,0,11,0,0,0,0,0,0,0,0,0,0,0,0,0
2020-09-11,1,0,0,0,11,0,0,1,0,0,0,0,0,0,0,0,0,0
2020-09-12,0,0,0,0,5,0,0,1,0,0,0,0,0,0,0,0,0,0
2020-09-13,0,0,0,0,2,0,0,0,0,0,0,0,0,0,0,0,0,0
2020-09-14,1,0,0,0,13,0,0,1,0,0,0,0,0,0,0,0,0,0
2020-09-15,0,0,0,0,5,0,0,1,0,0,0,1,0,0,0,0,0,0
2020-09-16,0,1,0,0,14,0,0,0,0,0,0,1,0,0,0,0,0,0
2020-09-17,1,1,1,0,8,0,0,0,0,0,0,0,0,0,0,0,0,0
2020-09-18,0,0,0,0,41,0,0,0,0,0,0,0,0,0,0,0,0,0
2020-09-19,1,0,0,0,6,0,0,0,0,0,0,0,0,0,0,0,0,0
2020-09-20,4,0,0,0,2,0,0,0,0,0,0,0,0,0,0,0,0,0
2020-09-21,0,0,0,0,177,0,0,0,0,0,0,0,0,0,0,0,0,0
2020-09-22,1,3,0,0,316,0,0,1,0,0,0,2,0,0,0,0,1,0
2020-09-23,0,0,0,0,37,0,0,0,0,0,0,1,0,0,0,0,0,0
2020-09-24,1,0,0,0,77,0,0,1,0,0,0,0,0,0,0,0,0,0
2020-09-25,0,0,0,0,47,0,0,0,0,0,0,0,0,0,0,0,0,0
2020-09-26,0,1,0,0,4,0,0,0,1,0,0,0,0,0,0,0,0,0
2020-09-27,0,0,0,0,10,0,0,1,0,0,0,1,0,0,0,0,0,0
2020-09-28,1,1,0,0,6,0,0,0,0,0,0,1,0,0,0,0,0,0
2020-09-29,1,0,0,0,21,0,0,1,0,0,0,1,0,0,0,0,0,0
2020-09-30,0,0,0,0,12,0,0,1,0,0,0,0,0,0,0,0,1,0
2020-10-01,5,2,1,0,13,0,0,0,0,0,0,3,0,0,0,0,0,0
2020-10-02,1,0,0,0,71,0,0,0,0,0,0,0,0,0,0,0,0,0
2020-10-03,0,1,0,0,17,0,0,1,0,0,0,0,0,0,0,0,0,1
2020-10-04,0,0,0,0,6,0,0,0,0,0,0,1,0,0,0,0,0,0
2020-10-05,0,0,0,0,62,0,0,1,0,0,0,0,0,0,0,0,0,0
2020-10-06,2,2,0,0,13,0,0,3,0,0,0,0,0,0,0,0,0,0
2020-10-07,0,0,0,0,7,0,0,0,0,0,0,2,0,0,0,0,0,0
2020-10-08,0,0,0,0,34,0,0,1,0,0,0,0,0,0,0,0,0,0
2020-10-09,1,1,0,0,35,0,0,0,0,0,0,0,0,0,0,0,0,0
2020-10-10,1,0,0,0,16,0,0,1,1,0,0,0,0,0,0,0,1,0
2020-10-11,2,0,0,0,11,0,0,0,0,0,0,0,0,0,0,0,0,0
2020-10-12,110,1,2,0,40,0,0,0,0,0,0,0,0,0,0,0,0,0
2020-10-13,31,0,0,0,31,0,0,0,0,0,0,0,0,0,0,0,0,0
2020-10-14,137,1,1,0,549,0,0,1,1,0,0,9,0,0,0,0,0,0
2020-10-15,17,0,0,0,93,0,0,1,0,0,0,1,0,0,0,0,0,0
2020-10-16,4,0,0,0,29,0,0,0,1,0,0,0,0,0,0,0,0,0
2020-10-17,16,2,0,0,38,0,0,0,0,0,0,8,0,0,0,0,0,0
2020-10-18,2,0,0,0,24,0,0,1,0,0,0,0,0,0,0,0,0,0
2020-10-19,3,0,0,0,27,0,0,0,0,0,0,7,0,0,0,0,0,0
2020-10-20,1,1,0,0,14,0,0,0,0,0,0,2,0,0,0,0,0,0
2020-10-21,3,0,0,0,18,0,0,0,0,0,0,0,0,0,0,0,0,0
2020-10-22,6,2,2,0,11,0,0,0,0,0,0,0,0,0,0,0,0,0
2020-10-23,2,0,0,0,9,0,0,1,6,0,0,1,0,0,0,0,1,0
2020-10-24,0,0,0,0,6,0,0,0,0,0,0,0,0,0,0,0,0,0
2020-10-25,0,0,0,0,7,0,0,0,0,0,0,0,0,0,0,0,0,0
2020-10-26,2,0,0,0,11,0,0,0,0,0,0,0,0,0,0,0,0,0
2020-10-27,0,6,0,0,16,0,0,0,0,0,0,0,0,0,0,0,0,0
2020-10-28,0,0,2,0,12,0,0,0,0,0,0,0,0,0,0,0,0,0
2020-10-29,5,0,0,0,5,0,0,0,0,0,0,0,0,0,0,0,0,0
2020-10-30,0,0,0,0,8,0,0,1,0,0,0,0,0,0,0,0,1,0
2020-10-31,0,1,0,0,4,0,0,1,0,0,0,0,0,0,0,0,0,0
2020-11-01,0,0,0,0,4,0,0,0,0,0,0,0,0,0,0,0,0,0
2020-11-02,0,1,0,0,12,0,0,1,0,0,0,0,0,0,0,0,0,0
2020-11-03,18,2,0,0,4,0,0,0,0,0,0,0,0,0,0,0,0,0
2020-11-04,1,1,0,0,2,0,0,0,0,0,0,0,0,0,0,0,0,0
2020-11-05,1,0,0,0,5,0,0,0,0,0,0,0,0,0,0,0,0,0
2020-11-06,12,3,0,0,3,0,0,0,0,0,0,0,0,0,0,0,0,0
2020-11-07,3,0,0,0,16,0,0,0,0,0,0,1,0,0,0,0,0,0
2020-11-08,0,0,0,0,7,0,0,0,0,0,0,0,0,0,0,0,0,0
2020-11-09,2,1,0,0,5,0,0,0,0,0,0,0,0,0,0,0,0,0
2020-11-10,1,2,1,0,5,0,0,0,0,0,0,4,0,0,0,0,0,0
2020-11-11,3,0,0,0,20,0,0,1,0,0,0,0,0,0,0,0,0,0
2020-11-12,8,0,0,0,12,0,0,0,0,0,0,0,0,0,0,0,0,0
2020-11-13,4,1,0,0,5,0,0,0,0,0,0,0,0,0,0,0,0,0
2020-11-14,0,1,0,0,12,0,0,0,0,0,0,0,0,0,0,0,0,0
2020-11-15,0,0,0,0,1,0,0,1,0,0,0,1,0,0,0,0,0,0
2020-11-16,2,1,0,0,28,0,0,0,0,0,0,0,0,0,0,0,0,0
2020-11-17,0,0,0,0,7,0,0,0,0,0,0,0,0,0,0,0,0,0
2020-11-18,3,0,0,0,11,0,0,0,0,0,0,1,0,0,0,0,0,0
2020-11-19,4,0,0,0,7,0,0,0,0,0,0,1,0,0,0,0,0,0
2020-11-20,0,1,0,0,31,0,0,0,0,0,0,0,0,0,0,0,0,0
2020-11-21,0,0,0,0,12,0,0,0,0,0,0,1,0,0,0,0,0,0
2020-11-22,0,0,0,0,6,0,0,0,0,0,0,0,0,0,0,0,0,0
2020-11-23,0,0,0,0,9,0,0,0,1,0,0,0,0,0,0,0,0,0
2020-11-24,1,0,0,0,7,0,0,0,0,0,0,1,0,0,0,0,0,0
2020-11-25,1,0,0,0,12,0,0,0,0,0,0,0,0,0,0,0,0,0
2020-11-26,1,0,0,0,2,0,0,0,0,0,0,0,0,0,0,0,0,0
2020-11-27,0,0,0,0,0,0,0,0,0,0,0,1,0,0,0,0,0,0
2020-11-28,0,0,0,0,3,0,0,1,0,0,0,0,0,0,0,0,0,0
2020-11-29,2,1,0,0,4,0,0,0,0,0,0,0,0,0,0,0,0,0
2020-11-30,1,0,0,0,2,0,0,0,0,0,0,0,0,0,0,0,0,0
2020-12-01,1,0,0,0,7,0,0,0,0,0,0,1,0,0,0,0,0,0
2020-12-02,0,0,0,0,8,0,0,0,0,0,0,0,0,0,0,0,0,0
2020-12-03,0,0,0,0,5,0,0,0,0,0,0,0,0,0,0,0,0,0
2020-12-04,2,0,2,0,15,0,0,0,0,0,0,2,0,0,0,0,0,0
2020-12-05,1,0,0,0,8,0,0,0,0,0,0,1,0,0,0,0,0,0
2020-12-06,0,0,0,0,2,0,0,0,0,0,0,0,0,0,0,0,0,0
2020-12-07,0,0,0,0,8,0,0,0,0,0,0,1,0,0,0,0,0,0
2020-12-08,2,1,1,0,22,0,0,0,0,0,0,0,0,0,0,0,0,0
2020-12-09,0,0,0,0,25,0,0,0,0,0,0,0,0,0,0,0,0,0
2020-12-10,0,0,0,0,6,0,0,0,0,0,0,0,0,0,0,0,0,0
2020-12-11,0,0,0,0,10,0,0,0,0,0,0,0,0,0,0,0,0,0
2020-12-12,2,0,0,0,1,0,0,0,0,0,0,0,0,0,0,0,0,0
2020-12-13,0,0,0,0,21,0,0,1,0,0,0,1,0,0,0,0,0,0
2020-12-14,13,1,0,0,18,0,0,0,0,0,0,2,0,0,0,0,0,0
2020-12-15,3,1,1,0,20,0,0,0,0,0,0,1,0,0,0,0,0,0
2020-12-16,0,0,0,0,9,0,0,0,0,0,0,0,0,0,0,0,0,0
2020-12-17,0,1,0,0,4,0,0,0,0,0,0,0,0,0,0,0,0,0
2020-12-18,5,5,0,0,3,0,0,0,0,0,0,0,0,0,0,0,0,0
2020-12-19,1,0,0,0,0,0,0,0,0,0,0,0,0,0,0,0,0,0
2020-12-20,0,0,0,0,1,0,0,0,0,0,0,0,0,0,0,0,0,0
2020-12-21,8,2,0,0,1,0,0,0,0,0,0,1,0,0,0,0,0,0
2020-12-22,4,2,0,0,1,0,0,0,0,0,0,1,0,0,0,0,0,0
2020-12-23,1,0,0,0,8,0,0,0,0,0,0,0,0,0,0,0,0,0
2020-12-24,0,2,0,0,8,0,0,0,0,0,0,3,0,0,0,0,0,0
2020-12-26,0,2,0,0,3,0,0,0,0,0,0,0,0,0,0,0,0,0
2020-12-27,0,0,0,0,2,0,0,0,0,0,0,0,0,0,0,0,0,0
2020-12-28,6,0,0,0,11,0,0,0,0,0,0,0,0,0,0,0,0,0
2020-12-29,0,0,0,0,4,0,0,0,0,0,0,0,0,0,0,0,0,0
2020-12-30,1,0,0,0,8,0,0,1,0,0,0,0,0,0,0,0,1,0
2020-12-31,0,0,0,0,6,0,0,0,0,0,0,1,0,0,0,0,0,0
2021-01-01,0,0,2,0,1,0,0,0,0,0,0,1,0,0,0,0,0,0
2021-01-02,0,1,0,0,10,0,0,0,2,0,0,1,0,0,0,0,0,0
2021-01-03,0,0,0,0,3,0,0,0,0,0,0,0,0,0,0,0,0,0
2021-01-04,1,0,0,0,1,0,0,0,0,0,0,0,0,0,0,0,0,0
2021-01-05,0,1,0,0,13,0,0,0,0,0,0,0,0,0,0,0,0,0
2021-01-06,1,1,0,0,38,0,0,0,0,0,0,0,0,0,0,0,0,0
2021-01-07,0,0,0,0,11,0,0,0,0,0,0,1,0,0,0,0,0,0
2021-01-08,4,2,0,0,76,0,0,1,0,0,0,1,0,0,0,0,1,0
2021-01-09,1,1,0,0,88,0,0,1,2,0,0,1,0,0,0,0,0,0
2021-01-10,0,0,0,0,15,0,0,0,0,0,0,0,0,0,0,0,0,0
2021-01-11,1,0,0,0,23,0,0,1,0,0,0,1,0,0,0,0,0,0
2021-01-12,3,0,0,0,12,0,0,2,0,0,0,0,0,0,0,0,2,0
2021-01-13,1,0,0,0,191,0,0,0,0,0,0,0,0,0,0,0,0,0
2021-01-14,0,0,1,0,62,0,0,0,0,0,0,1,0,0,0,0,0,0
2021-01-15,0,1,0,0,18,0,0,0,0,0,0,0,0,0,0,0,0,0
2021-01-16,0,0,0,0,11,0,0,0,2,0,0,0,0,0,0,0,0,0
2021-01-17,2,0,0,0,8,0,0,0,0,0,0,0,0,0,0,0,0,0
2021-01-18,0,2,0,0,25,0,0,0,0,0,0,2,0,0,0,0,0,0
2021-01-19,18,0,0,0,6,0,0,0,0,0,0,0,0,0,0,0,0,1
2021-01-20,3,1,0,0,103,0,0,0,0,0,0,0,0,0,0,0,0,0
2021-01-21,3,0,0,0,47,0,0,0,0,0,0,1,0,0,0,0,0,0
2021-01-22,3,0,0,0,25,0,0,0,0,0,0,2,0,0,0,0,0,0
2021-01-23,0,0,0,0,8,0,0,0,0,0,0,1,0,0,0,0,0,0
2021-01-24,0,0,0,0,7,0,0,1,0,0,0,0,0,0,0,0,0,0
2021-01-25,0,0,0,0,17,0,0,1,0,0,0,0,0,0,0,0,1,0
2021-01-26,0,0,2,0,31,0,0,0,0,0,0,1,0,0,0,0,0,1
2021-01-27,0,0,2,0,6,0,0,0,0,0,0,0,0,0,0,0,0,0
2021-01-28,17,6,0,0,4,0,0,0,0,0,0,1,0,0,0,0,0,0
2021-01-29,2,0,0,0,10,0,0,0,0,0,0,0,0,0,0,0,0,0
2021-01-30,0,0,0,0,24,0,0,0,0,0,0,0,0,0,0,0,0,0
2021-01-31,0,0,0,0,8,0,0,0,0,0,0,0,0,0,0,0,0,0
2021-02-01,3,2,1,0,13,0,0,0,0,0,0,3,0,0,0,0,0,0
2021-02-02,0,0,0,0,4,0,0,0,0,0,0,0,0,0,0,0,0,0
2021-02-03,0,0,0,0,27,0,0,0,0,0,0,0,0,0,0,0,0,0
2021-02-04,0,1,0,0,14,0,0,0,0,0,0,0,0,0,0,0,0,0
2021-02-05,7,0,0,0,4,0,0,0,0,0,0,1,0,0,0,0,0,0
2021-02-06,2,0,0,0,0,0,0,0,0,0,0,0,0,0,0,0,0,0
2021-02-07,2,0,0,0,6,0,0,0,0,0,0,0,0,0,0,0,0,0
2021-02-08,0,0,0,0,6,0,0,1,2,0,0,0,0,0,0,0,0,0
2021-02-09,2,1,0,0,1,0,0,0,0,0,0,0,0,0,0,0,0,0
2021-02-10,1,0,0,0,6,0,0,0,0,0,0,0,0,0,0,0,0,0
2021-02-11,0,0,0,0,9,0,0,0,0,0,0,0,0,0,0,0,0,0
2021-02-12,0,1,0,0,6,0,0,0,0,0,0,0,0,0,0,0,0,0
2021-02-13,1,0,0,0,1,0,0,0,0,0,0,0,0,0,0,0,0,0
2021-02-14,0,0,0,0,5,0,0,0,0,0,0,0,0,0,0,0,0,0
2021-02-15,0,0,0,0,0,0,0,0,0,0,0,1,0,0,0,0,0,0
2021-02-16,0,0,0,0,8,0,0,0,0,0,0,0,0,0,0,0,0,0
2021-02-17,0,0,0,0,4,0,0,0,0,0,0,0,0,0,0,0,0,1
2021-02-18,2,0,0,0,5,0,0,1,0,0,0,1,0,0,0,0,0,0
2021-02-19,0,0,0,0,6,0,0,0,0,0,0,0,0,0,0,0,0,0
2021-02-20,0,1,0,0,3,0,0,0,0,0,0,0,0,0,0,0,0,0
2021-02-21,0,0,0,0,11,0,0,0,0,0,0,0,0,0,0,0,0,0
2021-02-22,37,0,0,0,20,0,0,0,1,0,0,0,0,0,0,0,0,0
2021-02-23,7,2,0,0,4,0,0,0,0,0,0,0,0,0,0,0,0,0
2021-02-24,3,1,0,0,5,0,0,0,0,0,0,2,0,0,0,0,0,1
2021-02-25,0,0,0,0,1,0,0,0,0,0,0,0,0,0,0,0,0,0
2021-02-26,0,1,4,0,8,0,0,1,0,0,0,0,0,0,0,0,0,0
2021-02-27,2,0,0,0,1,0,0,0,0,0,0,0,0,0,0,0,0,0
2021-02-28,1,0,0,0,2,0,0,0,0,0,0,2,0,0,0,0,0,0
2021-03-01,2,0,0,0,1,0,0,0,0,0,0,0,0,0,0,0,0,0
2021-03-02,0,0,0,0,1,0,0,0,0,0,0,1,0,0,0,0,0,0
2021-03-03,2,2,0,0,6,0,0,0,0,0,0,0,0,0,0,0,0,0
2021-03-04,0,0,0,0,4,0,0,0,0,0,0,0,0,0,0,0,0,0
2021-03-05,5,0,0,0,3,0,0,0,1,0,0,0,0,0,0,0,0,1
2021-03-06,2,0,0,0,2,0,0,0,0,0,0,0,0,0,0,0,0,0
2021-03-07,0,0,0,0,3,0,0,0,0,0,0,1,0,0,0,0,0,0
2021-03-08,1,2,0,0,10,0,0,1,0,0,0,0,0,0,0,0,0,0
2021-03-09,0,0,0,0,13,0,0,0,0,0,0,0,0,0,0,0,0,0
2021-03-10,1,0,0,0,5,0,0,0,0,0,0,2,0,0,0,0,0,1
2021-03-11,0,0,0,0,6,0,0,0,0,0,0,0,0,0,0,0,0,0
2021-03-12,2,0,0,0,4,0,0,0,0,0,0,1,0,0,0,0,0,0
2021-03-13,0,0,0,0,3,0,0,0,0,0,0,0,0,0,0,0,0,0
2021-03-14,0,0,0,0,5,0,0,0,0,0,0,0,0,0,0,0,0,0
2021-03-15,1,0,0,0,7,0,0,0,0,0,0,0,0,0,0,0,0,0
2021-03-16,0,0,0,0,1,0,0,0,0,0,0,0,0,0,0,0,0,0
2021-03-17,22,5,0,0,354,0,0,0,0,0,0,7,0,0,0,0,0,0
2021-03-18,190,3,0,0,441,0,0,1,0,0,0,2,0,0,0,0,0,1
2021-03-19,212,2,0,0,200,0,0,0,0,0,0,1,0,0,0,0,0,0
2021-03-20,13,0,1,0,92,0,0,1,0,0,0,0,0,0,0,0,0,0
2021-03-21,4,0,0,0,42,0,0,1,1,0,0,0,0,0,0,0,0,0
2021-03-22,3,1,0,0,126,0,0,0,0,0,0,0,0,0,0,0,0,0
2021-03-23,1,1,0,0,39,0,0,0,0,0,0,0,0,0,0,0,0,0
2021-03-24,0,0,0,0,63,0,0,0,0,0,0,0,0,0,0,0,0,0
2021-03-25,0,0,0,0,24,0,0,5,0,0,0,0,0,0,0,0,0,0
2021-03-26,0,0,0,0,17,0,0,0,0,0,0,0,0,0,0,0,0,0
2021-03-27,11,0,0,0,9,0,0,0,0,0,0,0,0,0,0,0,0,0
2021-03-28,1,0,0,0,7,0,0,0,0,0,0,2,0,0,0,0,0,0
2021-03-29,4,0,0,0,12,0,0,0,2,0,0,0,0,0,0,0,0,0
2021-03-30,0,0,0,0,11,0,0,0,0,0,0,0,0,0,0,0,0,1
2021-03-31,0,0,0,0,21,0,0,0,0,0,0,0,0,0,0,0,0,0
2021-04-01,0,2,0,0,7,0,0,1,0,0,0,0,0,0,0,0,0,0
2021-04-02,0,0,0,0,11,0,0,0,0,0,0,0,0,0,0,0,0,0
2021-04-03,0,0,0,0,3,0,0,0,0,0,0,0,0,0,0,0,0,0
2021-04-04,0,0,0,0,8,0,0,0,0,0,0,0,0,0,0,0,0,0
2021-04-05,0,0,0,0,5,0,0,0,0,0,0,0,0,0,0,0,0,0
2021-04-06,227,0,0,0,6,0,0,0,0,0,0,0,0,0,0,0,0,0
2021-04-07,15,2,0,0,8,0,0,0,0,0,0,0,0,0,0,0,0,0
2021-04-08,1,0,0,0,0,0,0,0,0,0,0,0,0,0,0,0,0,0
2021-04-09,1,0,0,0,2,0,0,0,0,0,0,1,0,0,0,0,0,0
2021-04-10,1,0,0,0,9,0,0,0,1,0,0,0,0,0,0,0,0,0
2021-04-11,0,0,0,0,22,0,0,0,0,0,0,0,0,0,0,0,0,0
2021-04-12,1,0,0,0,35,0,0,1,0,0,0,0,0,0,0,0,0,0
2021-04-13,1,1,0,0,15,0,0,0,0,0,0,0,0,0,0,0,0,0
2021-04-14,3,0,0,0,14,0,0,0,0,0,0,0,0,0,0,0,0,0
2021-04-15,0,0,0,0,5,0,0,0,0,0,0,0,0,0,0,0,0,0
2021-04-16,0,0,0,0,4,0,0,0,0,0,0,0,0,0,0,0,0,1
2021-04-17,3,0,0,0,5,0,0,0,0,0,0,0,0,0,0,0,0,0
2021-04-18,0,0,0,0,4,0,0,0,1,0,0,0,0,0,0,0,0,0
2021-04-19,0,0,0,0,5,0,0,0,0,0,0,0,0,0,0,0,0,0
2021-04-20,0,1,0,0,16,0,0,0,1,0,0,0,0,0,0,0,0,0
2021-04-21,1,0,4,0,11,0,0,0,0,0,0,0,0,0,0,0,0,0
2021-04-22,0,0,0,0,32,0,0,0,0,0,0,1,0,0,0,0,0,1
2021-04-23,0,0,0,0,12,0,0,0,0,0,0,3,0,0,0,0,0,0
2021-04-24,0,0,0,0,5,0,0,0,0,0,0,0,0,0,0,0,0,0
2021-04-25,0,0,0,0,4,0,0,1,0,0,0,0,0,0,0,0,0,0
2021-04-26,4,0,0,0,2,0,0,0,1,0,0,0,0,0,0,0,0,0
2021-04-27,5,0,2,0,8,0,0,0,0,0,0,0,0,0,0,0,1,0
2021-04-28,2,1,0,0,4,0,0,1,0,0,0,1,0,0,0,0,0,0
2021-04-29,0,0,3,0,10,0,0,0,1,0,0,0,0,0,0,0,0,0
2021-04-30,2,1,6,0,29,1,0,1,0,0,0,0,0,0,0,0,1,0
2021-05-01,0,0,0,0,9,0,0,0,0,0,0,0,0,0,0,0,0,0
2021-05-02,0,0,0,0,3,0,0,0,0,0,0,0,0,0,0,0,0,0
2021-05-03,1,0,3,0,1,0,0,1,0,0,0,0,0,0,0,0,0,0
2021-05-04,0,0,1,0,12,0,0,0,0,0,0,0,0,0,0,0,0,0
2021-05-05,0,0,0,0,34,0,0,0,3,0,0,0,0,0,0,0,0,0
2021-05-06,4,1,0,0,34,0,0,0,0,0,0,1,0,0,0,0,0,0
2021-05-07,12,0,0,0,20,0,0,0,0,0,0,0,0,0,0,0,0,0
2021-05-08,2,1,0,0,7,0,0,0,0,0,0,0,0,0,0,0,0,0
2021-05-09,1,0,0,0,15,1,0,0,0,0,0,0,0,0,0,0,0,0
2021-05-10,3,0,0,0,160,0,0,0,4,0,0,1,0,0,0,0,0,0
2021-05-11,2,0,0,0,58,0,0,0,0,0,0,0,0,0,0,0,0,0
2021-05-12,8,3,0,0,93,0,0,0,0,0,0,1,0,0,0,0,0,0
2021-05-13,5,0,0,0,31,0,0,1,0,0,0,4,0,0,0,0,0,1
2021-05-14,0,0,0,0,12,0,0,0,0,0,0,0,0,0,0,0,0,0
2021-05-15,1,0,0,0,2,0,0,0,0,0,0,1,0,0,0,0,0,0
2021-05-16,4,2,0,0,7,0,0,0,0,0,0,0,0,0,0,0,0,0
2021-05-17,1,2,0,0,7,0,0,0,0,0,0,0,0,0,0,0,0,0
2021-05-18,8,1,0,0,11,0,0,0,0,0,0,0,0,0,0,0,0,0
2021-05-19,2,0,0,0,9,1,0,1,0,0,0,0,0,0,0,0,0,0
2021-05-20,3,0,0,0,6,1,0,0,0,0,0,0,0,0,0,0,0,1
2021-05-21,2,2,0,0,10,0,0,0,0,0,0,0,0,0,0,0,0,1
2021-05-22,5,1,0,0,6,0,0,0,0,0,0,0,0,0,0,0,0,0
2021-05-23,0,0,0,0,2,0,0,0,0,0,0,0,0,0,0,0,0,0
2021-05-24,5,0,0,0,20,0,0,0,0,0,0,0,0,0,0,0,0,0
2021-05-25,2,1,0,0,12,0,0,0,0,0,0,0,0,0,0,0,0,0
2021-05-26,17,1,0,0,15,0,0,1,0,0,0,0,0,0,0,0,0,0
2021-05-27,1,0,0,0,9,0,0,0,0,0,0,0,0,0,0,0,0,0
2021-05-28,4,0,0,0,12,0,0,1,0,0,0,0,0,0,0,0,0,0
2021-05-29,1,0,0,0,3,0,0,0,0,0,0,0,0,0,0,0,0,0
2021-05-30,1,1,0,0,4,0,0,0,0,0,0,0,0,0,0,0,0,1
2021-05-31,3,0,0,0,23,0,0,0,0,0,0,0,0,0,0,0,0,0
2021-06-01,0,0,3,0,16,0,0,0,0,0,0,0,0,0,0,0,0,0
2021-06-02,0,0,0,0,13,0,0,0,0,0,0,0,0,0,0,0,0,0
2021-06-03,4,0,0,0,17,0,0,0,0,0,0,1,0,0,0,0,0,0
2021-06-04,2,0,0,0,9,0,0,0,0,0,0,0,0,0,0,0,0,0
2021-06-05,0,0,0,0,5,0,0,0,0,0,0,1,0,0,0,0,0,0
2021-06-06,2,0,0,0,3,0,0,0,0,0,0,0,0,0,0,0,0,0
2021-06-07,6,0,0,0,8,0,0,0,0,0,0,0,0,0,0,0,0,0
2021-06-08,0,0,0,0,87,0,0,0,0,0,0,0,0,0,0,0,0,0
2021-06-09,0,0,0,0,62,0,0,0,0,0,0,0,0,0,0,0,0,0
2021-06-10,1,0,0,0,14,0,0,0,0,0,0,0,0,0,0,0,0,0
2021-06-11,9,0,0,0,27,0,0,0,0,0,0,0,0,0,0,0,0,0
2021-06-12,5,0,0,0,3,0,0,0,0,0,0,0,0,0,0,0,0,0
2021-06-13,10,0,3,0,5,0,0,0,0,0,0,1,0,0,0,0,0,0
2021-06-14,5,15,0,0,6,0,0,0,0,0,0,1,0,0,0,0,0,0
2021-06-15,0,0,0,1,48,0,0,0,0,0,0,0,0,0,0,0,0,0
2021-06-16,0,0,0,0,83,0,0,1,0,0,0,0,0,0,0,0,1,0
2021-06-17,0,0,0,0,19,0,0,0,1,0,0,0,0,0,0,0,0,1
2021-06-18,0,1,0,0,1,0,0,0,0,0,0,0,0,0,0,0,0,0
2021-06-19,0,1,0,0,3,0,0,0,1,0,0,3,0,0,0,0,0,0
2021-06-20,0,0,0,0,8,0,0,0,0,0,0,1,0,0,0,0,0,0
2021-06-21,0,1,0,0,3,0,0,0,0,0,0,1,0,0,0,0,0,0
2021-06-22,0,0,0,0,5,0,0,0,0,0,0,0,0,0,0,0,0,0
2021-06-23,2,0,2,0,23,0,0,0,0,0,0,0,0,0,0,0,0,0
2021-06-24,0,0,0,0,21,0,0,0,0,0,0,1,0,0,0,0,0,0
2021-06-25,0,0,0,0,6,0,0,0,0,0,0,0,0,0,0,0,0,0
2021-06-26,0,0,0,0,4,0,0,0,0,0,0,0,0,0,0,0,0,0
2021-06-27,0,0,0,0,3,0,0,0,0,0,0,0,0,0,0,0,0,0
2021-06-28,0,0,0,0,7,0,0,0,0,0,0,0,0,0,0,0,0,0
2021-06-29,3,0,7,0,6,0,0,0,0,0,0,0,0,0,0,0,0,0
2021-06-30,3,0,5,0,7,0,0,0,0,0,0,1,0,0,0,0,0,0
2021-07-01,3,0,0,0,4,0,0,0,1,0,0,0,0,0,0,0,0,0
2021-07-02,2,0,0,0,4,0,0,0,0,0,0,0,0,0,0,0,0,0
2021-07-03,0,1,0,0,4,0,0,0,0,0,0,0,0,0,0,0,0,0
2021-07-04,1,0,0,0,14,0,0,0,0,0,0,0,0,0,0,0,0,0
2021-07-05,5,0,0,0,13,0,0,0,0,0,0,0,0,0,0,0,0,0
2021-07-06,4,1,0,0,7,0,0,0,0,0,0,0,0,0,0,0,0,0
2021-07-07,1,0,0,0,5,0,0,0,0,0,0,0,0,0,0,0,0,0
2021-07-08,0,0,1,0,270,0,0,3,0,0,0,2,0,0,0,0,0,0
2021-07-09,0,0,0,0,205,0,0,3,0,0,0,1,0,0,0,0,1,0
2021-07-10,0,0,0,0,106,0,0,1,0,0,0,0,0,0,0,0,0,0
2021-07-11,1,0,0,0,48,0,0,0,0,0,0,2,0,0,0,0,0,0
2021-07-12,3,0,0,0,70,0,0,0,0,0,0,0,0,0,0,0,0,0
2021-07-13,4,0,0,0,73,0,0,0,0,0,0,1,0,0,0,0,0,0
2021-07-14,3,0,1,0,59,0,0,1,1,0,0,1,0,0,0,0,0,1
2021-07-15,1,1,0,0,24,0,0,0,0,0,0,0,0,0,0,0,0,0
2021-07-16,0,0,0,0,4,0,0,1,0,0,0,0,0,0,0,0,1,0
2021-07-17,7,0,0,0,12,0,0,0,0,0,0,0,0,0,0,0,0,0
2021-07-18,6,0,0,0,27,0,0,0,1,0,0,0,0,0,0,0,0,0
2021-07-19,1,0,0,0,6,0,0,0,0,0,0,1,0,0,0,0,0,0
2021-07-20,0,0,0,0,19,0,0,1,0,0,0,0,0,0,0,0,0,0
2021-07-21,4,0,21,0,5,0,0,0,0,0,0,1,0,0,0,0,0,0
2021-07-22,2,0,0,0,10,0,0,0,0,0,0,1,0,0,0,0,0,0
2021-07-23,0,0,0,0,14,0,0,0,0,0,0,0,0,0,0,0,0,0
2021-07-24,0,0,0,0,25,0,0,0,0,0,0,0,0,0,0,0,0,0
2021-07-25,0,0,0,0,0,0,0,0,0,0,0,3,0,0,0,0,0,0
2021-07-26,0,1,0,0,18,1,0,0,0,0,0,3,0,0,0,0,0,0
2021-07-27,1,0,0,0,6,0,0,1,0,0,0,1,0,0,0,0,1,0
2021-07-28,4,0,0,0,15,0,0,1,1,0,0,0,0,0,0,0,1,0
2021-07-29,2,0,0,0,6,0,0,0,0,0,0,0,0,0,0,0,0,0
2021-07-30,0,0,0,0,16,0,0,0,0,0,0,1,0,0,0,0,0,0
2021-07-31,1,1,0,0,1,0,0,0,1,0,0,1,0,0,0,0,0,0
2021-08-01,0,0,0,0,1,0,0,0,0,0,0,0,0,0,0,0,0,0
2021-08-02,0,0,0,0,3,1,0,0,0,0,0,1,0,0,0,0,0,0
2021-08-03,0,1,0,0,2,0,0,0,0,0,0,2,0,0,0,0,0,0
2021-08-04,0,0,0,0,33,0,0,0,0,0,0,0,0,0,0,0,0,0
2021-08-05,0,0,0,0,12,0,0,0,0,0,0,0,0,0,0,0,0,0
2021-08-06,0,0,0,0,2,0,0,0,0,0,0,1,0,0,0,0,0,0
2021-08-07,0,0,0,0,8,0,0,0,1,0,0,1,0,0,0,0,0,1
2021-08-08,0,0,0,0,2,0,0,0,0,0,0,1,0,0,0,0,0,0
2021-08-09,0,0,0,0,4,0,0,0,0,0,0,2,0,0,0,0,0,0
2021-08-10,2,0,0,0,4,0,0,0,0,0,0,0,0,0,0,0,0,0
2021-08-11,4,1,0,0,15,0,0,0,0,0,0,1,0,0,0,0,0,0
2021-08-12,12,2,0,0,15,0,0,0,0,0,0,1,0,0,0,0,0,0
2021-08-13,1,0,0,0,264,0,0,1,0,0,0,1,0,0,0,0,0,0
2021-08-14,1,0,0,0,664,0,0,0,0,0,0,1,0,0,0,0,0,0
2021-08-15,0,0,0,0,29,0,0,0,0,0,0,0,0,0,0,0,0,0
2021-08-16,2,0,4,0,14,0,0,0,0,0,0,3,0,0,0,0,0,0
2021-08-17,0,0,0,0,6,0,0,0,0,0,0,0,0,0,0,0,0,0
2021-08-18,0,0,0,0,4,0,0,0,0,0,0,0,0,0,0,0,0,0
2021-08-19,5,1,0,0,10,0,0,0,0,0,0,2,0,0,0,0,0,0
2021-08-20,1,0,0,0,13,0,0,0,0,0,0,0,0,0,0,0,0,0
2021-08-21,0,0,0,0,5,0,0,0,0,0,0,1,0,0,0,0,0,0
2021-08-22,0,0,0,0,5,0,0,0,1,0,0,0,0,0,0,0,0,0
2021-08-23,2,0,0,0,15,0,0,0,2,0,0,2,0,0,0,0,0,0
2021-08-24,0,0,3,0,6,0,0,0,1,0,0,0,0,0,0,0,0,0
2021-08-25,6,0,0,0,12,0,0,0,0,0,0,0,0,0,0,0,0,0
2021-08-26,2,1,0,0,46,0,0,1,1,0,0,1,0,0,0,0,0,0
2021-08-27,0,3,0,0,30,0,0,0,0,0,0,3,0,0,0,0,0,0
2021-08-28,3,0,0,0,7,0,0,0,4,0,0,0,0,0,0,0,0,0
2021-08-29,3,0,0,0,6,0,0,0,1,0,0,0,0,0,0,0,0,0
2021-08-30,2,0,0,0,14,0,0,0,0,0,0,3,0,0,0,0,1,0
2021-08-31,6,0,0,0,20,0,0,0,1,0,0,0,0,0,0,0,0,0
2021-09-01,0,0,0,0,10,0,0,0,0,0,0,1,0,0,0,0,0,0
2021-09-02,0,0,0,0,9,0,0,0,0,0,0,0,0,0,0,0,0,0
2021-09-03,5,4,0,0,3,0,0,0,0,0,0,0,0,0,0,0,0,0
2021-09-04,0,0,0,0,2,0,0,0,0,0,0,1,0,0,0,0,0,0
2021-09-05,1,0,0,0,3,0,0,0,0,0,0,0,0,0,0,0,0,0
2021-09-06,2,0,0,0,9,0,0,0,0,0,0,1,0,0,0,0,0,0
2021-09-07,0,1,0,0,3,0,0,0,0,0,0,1,0,0,0,0,0,0
2021-09-08,0,0,0,0,4,0,0,0,0,0,0,0,0,0,0,0,0,0
2021-09-09,0,1,3,0,5,0,0,0,0,0,0,2,0,0,0,0,0,0
2021-09-10,2,0,2,0,0,0,0,0,0,0,0,0,0,0,0,0,0,0
2021-09-11,0,0,0,0,3,0,0,0,0,0,0,0,0,0,0,0,0,0
2021-09-12,0,0,0,0,5,0,0,0,0,0,0,0,0,0,0,0,0,0
2021-09-13,0,0,0,0,6,0,0,0,0,0,0,0,0,0,0,0,0,0
2021-09-14,0,0,0,0,8,0,0,0,0,0,0,1,0,0,0,0,0,0
2021-09-15,4,0,2,0,50,0,0,0,0,0,0,0,0,0,0,0,0,0
2021-09-16,2,0,1,0,7,0,0,0,0,0,0,0,0,0,0,0,0,0
2021-09-17,0,0,0,0,10,0,0,0,0,0,0,2,0,0,0,0,0,0
2021-09-18,0,0,0,0,25,0,0,0,1,0,0,2,0,0,0,0,0,0
2021-09-19,0,0,0,0,5,0,0,0,0,0,0,1,0,0,0,0,0,0
2021-09-20,0,1,0,0,27,0,0,0,0,0,0,1,0,0,0,0,0,0
2021-09-21,1,0,0,0,10,0,0,0,0,0,0,0,0,0,0,0,0,0
2021-09-22,3,1,0,0,33,0,0,0,0,0,0,0,0,0,0,0,0,0
2021-09-23,1,0,0,0,15,0,0,0,1,0,0,0,0,0,0,0,0,0
2021-09-24,1,1,0,0,11,0,0,0,1,0,0,1,0,0,0,0,0,0
2021-09-25,0,0,0,0,2,0,0,1,0,0,0,1,0,0,0,0,0,0
2021-09-26,0,0,0,0,1,0,0,0,0,0,0,0,0,0,0,0,0,0
2021-09-27,2,0,0,0,62,0,0,0,0,0,0,1,0,0,0,0,0,0
2021-09-28,2,0,0,0,20,0,0,0,0,0,0,0,0,0,0,0,0,0
2021-09-29,1,0,0,0,13,0,0,0,1,0,0,0,0,0,0,0,0,0
2021-09-30,0,1,1,0,6,0,0,0,0,0,0,0,0,0,0,0,0,0
2021-10-01,0,0,1,0,31,0,0,0,1,0,0,0,0,0,0,0,0,0
2021-10-02,0,0,0,0,28,0,0,0,0,0,0,4,0,0,0,0,0,0
2021-10-03,0,0,0,0,63,0,0,0,0,0,0,1,0,0,0,0,0,0
2021-10-04,0,0,0,0,100,0,0,0,0,0,0,0,0,0,0,0,0,0
2021-10-05,0,0,1,0,42,0,0,0,0,0,0,0,0,0,0,0,0,0
2021-10-06,0,0,0,0,23,0,0,0,0,0,0,0,0,0,0,0,0,0
2021-10-07,2,0,1,0,14,0,0,0,0,0,0,1,0,0,0,0,0,0
2021-10-08,0,0,0,0,1,0,0,0,0,0,0,0,0,0,0,0,0,0
2021-10-09,0,0,0,0,3,0,0,1,0,0,0,1,0,0,0,0,0,0
2021-10-10,0,0,0,0,4,0,0,0,0,0,0,0,0,0,0,0,0,0
2021-10-11,0,0,0,0,8,0,0,0,0,0,0,0,0,0,0,0,1,0
2021-10-12,8,0,0,0,4,0,0,0,0,0,0,0,0,0,0,0,0,0
2021-10-13,0,0,0,0,8,0,0,0,1,0,0,1,0,0,0,0,0,0
2021-10-14,0,0,4,0,11,0,0,0,1,0,0,0,0,0,0,0,0,0
2021-10-15,0,0,0,0,7,0,0,0,0,0,0,0,0,0,1,0,0,0
2021-10-16,0,0,0,0,2,0,0,0,0,0,0,0,0,0,0,0,0,0
2021-10-17,0,0,0,0,14,0,0,0,0,0,0,3,0,0,0,0,0,0
2021-10-18,0,0,0,0,93,0,0,0,0,0,0,1,0,0,0,0,0,0
2021-10-19,0,0,2,0,10,0,0,0,0,0,0,0,0,0,0,0,0,0
2021-10-20,2,0,1,0,19,0,0,0,0,0,0,0,0,0,0,0,0,0
2021-10-21,2,1,0,0,5,0,0,0,1,0,0,0,0,0,0,0,0,0
2021-10-22,0,0,0,0,2,0,0,0,0,0,0,0,0,0,0,0,0,1
2021-10-23,0,0,0,0,5,0,0,0,0,0,0,0,0,0,0,0,0,0
2021-10-24,0,0,0,0,4,0,0,0,0,0,0,0,0,0,0,0,0,0
2021-10-25,0,0,0,0,13,0,0,0,0,0,0,0,0,0,0,0,0,1
2021-10-26,1,2,0,0,9,0,0,0,1,0,0,1,0,0,0,0,0,0
2021-10-27,0,0,0,0,7,0,0,0,0,0,0,0,0,0,0,0,0,0
2021-10-28,6,1,0,0,1,0,0,0,5,0,0,0,0,0,0,0,0,0
2021-10-29,1,0,0,0,1,0,0,0,0,0,0,1,0,0,0,0,0,0
2021-10-30,0,0,0,0,2,0,0,0,0,0,0,0,0,0,0,0,0,0
2021-10-31,0,1,0,0,1,0,0,0,0,0,0,0,0,0,0,0,0,0
2021-11-01,7,0,0,0,14,0,0,0,0,0,0,0,0,0,0,0,0,0
2021-11-02,0,0,0,0,3,0,0,0,0,0,0,0,0,0,0,0,0,0
2021-11-03,1,0,1,0,4,0,0,0,0,0,0,0,0,0,0,0,0,0
2021-11-04,0,0,0,0,1,0,0,0,0,0,0,0,0,0,0,0,0,0
2021-11-05,23,0,0,0,3,0,0,0,0,0,0,0,0,0,0,0,0,0
2021-11-06,0,0,0,0,13,0,0,0,0,0,0,0,0,0,0,0,0,0
2021-11-07,0,0,0,0,11,0,0,0,0,0,0,0,0,0,0,0,0,0
2021-11-08,1,2,2,0,8,0,0,0,0,0,0,0,0,0,0,0,0,0
2021-11-09,0,0,3,0,65,0,0,0,0,0,0,1,0,0,0,0,0,0
2021-11-10,0,0,0,0,62,0,0,0,1,0,0,0,0,0,0,0,0,0
2021-11-11,6,1,0,0,35,0,0,0,0,0,0,0,0,0,0,0,0,0
2021-11-12,1,0,0,0,7,0,0,0,0,0,0,0,0,0,0,0,0,0
2021-11-13,0,0,0,0,4,0,0,0,0,0,0,1,0,0,0,0,0,0
2021-11-14,0,0,0,0,20,0,0,0,0,0,0,0,0,0,0,0,0,0
2021-11-15,0,0,1,0,5,0,0,0,0,0,0,0,0,0,0,0,0,1
2021-11-16,0,0,0,0,12,0,0,0,0,0,0,0,0,0,0,0,0,0
2021-11-17,4,0,0,0,3,0,0,0,0,0,0,0,0,0,0,0,0,0
2021-11-18,0,0,0,0,18,0,0,0,0,0,0,0,0,0,0,0,0,0
2021-11-19,0,0,0,0,29,0,0,0,0,0,0,3,0,0,0,0,0,0
2021-11-20,0,0,0,0,1,0,0,0,2,0,0,0,0,0,0,0,0,0
2021-11-21,0,0,0,0,1,0,0,0,0,0,0,0,0,0,0,0,0,0
2021-11-22,0,0,0,0,6,0,0,0,1,0,0,0,0,0,0,0,0,0
2021-11-23,4,0,0,0,7,0,0,0,0,0,0,1,0,0,0,0,0,1
2021-11-24,7,0,0,0,7,0,0,0,0,0,0,0,0,0,0,0,0,0
2021-11-25,2,0,0,0,1,0,0,0,2,0,0,0,0,0,0,0,0,0
2021-11-26,0,0,0,0,4,0,0,0,0,0,0,0,0,0,0,0,0,0
2021-11-27,0,1,1,0,21,0,0,0,0,0,0,0,0,0,0,0,0,0
2021-11-28,0,0,0,0,42,0,0,0,0,0,0,0,0,0,0,0,0,0
2021-11-29,0,0,0,0,33,0,0,0,0,0,0,3,0,0,0,0,0,0
2021-11-30,1,1,7,0,10,0,0,0,0,0,0,2,0,0,0,0,0,0
2021-12-01,1,4,1,0,12,0,0,0,0,0,0,0,0,0,0,0,0,0
2021-12-02,2,0,3,0,10,0,0,0,0,0,0,0,0,0,0,0,0,0
2021-12-03,0,0,0,0,20,0,0,0,0,0,0,1,0,0,0,0,0,0
2021-12-04,0,0,1,0,5,0,0,0,0,0,0,0,0,0,0,0,0,0
2021-12-05,0,1,0,0,1,0,0,0,0,0,0,0,0,0,0,0,0,0
2021-12-06,10,0,0,0,18,0,0,0,0,0,0,0,0,0,0,0,0,0
2021-12-07,0,0,0,0,6,0,0,0,0,0,0,0,0,0,0,0,0,0
2021-12-08,1,0,0,0,30,0,0,0,0,0,0,0,0,0,0,0,0,0
2021-12-09,6,2,0,0,72,0,0,2,0,0,0,0,0,0,0,0,0,0
2021-12-10,2,1,0,0,34,0,0,0,0,0,0,2,0,0,0,0,0,0
2021-12-11,0,0,0,0,26,0,0,0,1,0,0,0,0,0,0,0,0,0
2021-12-12,0,0,0,0,12,0,0,0,0,0,0,0,0,0,0,0,0,0
2021-12-13,2,0,1,0,18,0,0,0,0,0,0,1,0,0,0,0,0,0
2021-12-14,0,0,0,0,35,0,0,0,2,0,0,0,0,0,0,0,0,2
2021-12-15,3,2,0,0,22,0,0,0,0,0,0,0,0,0,0,0,0,0
2021-12-16,1,1,0,0,60,0,0,0,0,0,0,1,0,0,0,0,0,0
2021-12-17,0,0,0,0,16,0,0,0,0,0,0,1,0,0,1,0,0,1
2021-12-18,0,0,0,0,20,0,0,0,0,0,0,2,0,0,0,0,0,0
2021-12-19,0,2,0,0,5,0,0,0,0,0,0,0,0,0,0,0,0,0
2021-12-20,0,0,0,0,7,0,0,0,0,0,0,0,0,0,0,0,0,0
2021-12-21,0,1,0,0,15,0,0,0,0,0,0,1,0,0,0,0,0,0
2021-12-22,0,1,0,0,24,0,0,0,0,0,0,0,0,0,0,0,0,0
2021-12-23,8,0,0,0,19,0,0,0,0,0,0,1,0,0,0,0,0,0
2021-12-24,1,1,0,0,7,0,0,0,0,0,0,0,0,0,0,0,0,0
2021-12-25,0,0,0,0,3,0,0,0,0,0,0,1,0,0,0,0,0,0
2021-12-26,0,0,0,0,5,0,0,0,0,0,0,0,0,0,0,0,0,0
2021-12-27,0,0,0,0,47,0,0,0,0,0,0,0,0,0,0,0,0,0
2021-12-28,0,0,0,0,7,0,0,0,0,0,0,0,0,0,0,0,0,0
2021-12-29,0,0,0,0,3,0,0,0,0,0,0,0,0,0,0,0,0,0
2021-12-30,1,1,0,0,4,0,0,0,0,0,0,0,0,0,0,0,0,0
2021-12-31,0,0,0,0,9,0,0,0,0,0,0,0,0,0,0,0,0,0
2022-01-01,3,2,1,0,0,0,0,0,0,0,0,0,0,0,0,0,0,0
2022-01-02,4,1,0,0,3,0,0,0,0,0,0,0,0,0,0,0,0,0
2022-01-03,0,0,0,0,43,0,0,0,0,0,0,0,0,0,0,0,0,0
2022-01-04,2,0,0,0,31,0,0,0,0,0,0,1,0,0,0,0,0,0
2022-01-05,40,0,0,0,39,0,0,0,0,0,0,2,0,0,0,0,0,0
2022-01-06,3,0,0,0,12,0,0,0,0,0,0,1,0,0,0,0,0,0
2022-01-07,3,1,0,0,7,0,0,0,0,0,0,0,0,0,0,0,0,0
2022-01-08,1,0,0,0,6,0,0,0,0,0,0,0,0,0,0,0,0,0
2022-01-09,0,0,0,0,11,0,0,0,0,0,0,0,0,0,0,0,0,0
2022-01-10,0,0,0,0,6,0,0,0,0,0,0,0,0,0,0,0,0,0
2022-01-11,1,1,0,0,10,0,0,0,0,0,0,2,0,0,0,0,0,0
2022-01-12,0,0,0,0,25,0,0,0,1,0,0,0,0,0,0,0,0,0
2022-01-13,4,0,0,0,26,0,0,0,0,0,0,1,0,0,0,0,0,0
2022-01-14,11,0,0,0,36,0,0,0,0,0,0,0,0,0,0,0,0,0
2022-01-15,7,0,0,0,25,0,0,0,0,0,0,1,0,0,0,0,0,0
2022-01-16,2,2,0,0,6,0,0,0,0,0,0,0,0,0,0,0,0,0
2022-01-17,0,0,1,0,10,0,0,0,0,0,0,0,0,0,0,0,1,0
2022-01-18,0,0,0,0,15,0,0,0,0,0,0,4,0,0,0,0,0,0
2022-01-19,1,0,0,0,19,0,0,0,0,0,0,1,0,0,0,0,0,0
2022-01-20,0,0,3,0,8,0,0,0,0,0,0,0,0,0,0,0,0,0
2022-01-21,1,1,0,0,15,0,0,1,0,0,0,0,0,0,0,0,1,0
2022-01-22,3,0,0,0,5,0,0,0,1,0,0,0,0,0,0,0,0,0
2022-01-23,0,0,0,0,48,0,0,0,1,0,0,0,0,0,0,0,1,0
2022-01-24,0,0,0,0,44,0,0,0,0,0,0,0,0,0,0,0,0,0
2022-01-25,6,0,0,0,43,0,0,0,0,0,0,1,0,0,0,0,0,0
2022-01-26,1,2,0,0,28,0,0,0,0,0,0,0,0,0,0,0,0,2
2022-01-27,6,1,0,0,19,0,0,0,0,0,0,0,0,0,0,0,0,0
2022-01-28,0,1,0,0,18,0,0,0,0,0,0,0,0,0,0,0,0,0
2022-01-29,0,0,0,0,8,0,0,0,0,0,0,0,0,0,0,0,0,0
2022-01-30,3,0,0,0,7,0,0,0,0,0,0,0,0,0,0,0,0,0
2022-01-31,3,0,0,0,12,0,0,0,0,0,0,0,0,0,0,0,0,0
2022-02-01,1,1,0,0,13,0,0,0,1,0,0,0,0,0,0,0,0,0
2022-02-02,1,0,0,0,9,0,0,0,0,0,0,1,0,0,0,0,0,0
2022-02-03,3,0,1,0,6,0,0,0,0,0,0,0,0,0,0,0,0,0
2022-02-04,2,0,0,0,23,0,0,0,0,0,0,3,0,0,0,0,0,0
2022-02-05,0,0,0,0,9,0,0,0,0,0,0,0,0,0,0,0,0,0
2022-02-06,0,0,0,0,4,0,0,0,0,0,0,0,0,0,0,0,0,0
2022-02-07,6,0,0,0,34,0,0,0,0,0,0,2,0,0,0,0,0,0
2022-02-08,6,0,0,0,73,0,0,0,0,0,0,0,0,0,0,0,0,0
2022-02-09,8,2,0,0,48,0,0,1,0,0,0,0,0,0,0,0,0,0
2022-02-10,5,1,0,0,27,0,0,0,0,0,0,1,0,0,0,0,0,0
2022-02-11,0,0,0,0,10,0,0,0,0,0,0,0,0,0,0,0,0,0
2022-02-12,1,0,0,0,9,0,0,0,0,0,0,0,0,0,0,0,0,0
2022-02-13,21,0,0,0,10,0,0,0,0,0,0,0,0,0,0,0,0,0
2022-02-14,4,0,0,0,10,0,0,1,0,0,0,0,0,0,0,0,0,2
2022-02-15,0,1,0,0,16,0,0,0,0,0,0,1,0,0,0,0,0,0
2022-02-16,5,0,0,0,12,0,0,0,1,0,0,0,0,0,0,0,0,0
2022-02-17,3,0,0,0,5,0,0,0,0,0,0,0,0,0,0,0,0,0
2022-02-18,35,0,0,0,11,0,0,0,0,0,0,1,0,0,0,0,0,0
2022-02-19,2,0,0,0,18,0,0,0,0,0,0,0,0,0,0,0,0,0
2022-02-20,0,0,0,0,4,0,0,0,0,0,0,0,0,0,0,0,0,0
2022-02-21,0,0,1,0,6,0,0,0,0,0,0,0,0,0,0,0,0,0
2022-02-22,2,0,1,0,9,0,0,0,1,0,0,0,0,0,0,0,0,0
2022-02-23,1,1,1,0,1,0,0,0,0,0,0,1,0,0,0,0,0,0
2022-02-24,13,0,0,0,10,0,0,1,1,0,0,0,0,0,0,0,0,0
2022-02-25,13,0,0,0,6,0,0,1,1,0,0,0,0,0,0,0,1,0
2022-02-26,1,0,0,0,4,0,0,0,0,0,0,0,0,0,0,0,0,0
2022-02-27,0,0,0,0,4,0,0,0,0,0,0,0,0,0,0,0,0,0
2022-02-28,0,0,0,0,2,0,0,0,0,0,0,1,0,0,0,0,0,1
2022-03-01,0,4,0,0,2,0,0,0,0,0,0,0,0,0,0,0,0,0
2022-03-02,8,3,0,0,2,0,0,1,0,0,0,0,0,0,0,0,0,0
2022-03-03,10,1,0,0,6,0,0,1,0,0,0,0,0,0,0,0,0,0
2022-03-04,2,0,0,0,2,0,0,0,0,0,0,0,0,0,0,0,0,0
2022-03-05,11,0,0,0,3,0,0,0,0,0,0,0,0,0,0,0,0,0
2022-03-06,2,0,0,0,0,0,0,0,0,0,0,0,0,0,0,0,0,0
2022-03-07,4,1,0,0,5,0,0,0,0,0,0,0,0,0,0,0,0,0
2022-03-08,1,0,0,0,3,0,0,0,0,0,0,1,0,0,0,0,0,0
2022-03-09,1,1,0,0,10,0,0,0,0,0,0,0,0,0,0,0,0,0
2022-03-10,0,0,0,0,39,0,0,0,2,0,0,0,0,0,0,0,0,0
2022-03-11,0,0,2,0,18,0,0,0,0,0,0,0,0,0,0,0,0,0
2022-03-12,2,2,0,0,15,0,0,0,0,0,0,0,0,0,0,0,0,0
2022-03-13,0,0,0,0,3,0,0,0,0,0,0,1,0,0,0,0,0,0
2022-03-14,0,0,0,0,7,0,0,0,0,0,0,0,0,0,0,0,0,0
2022-03-15,1,0,0,0,15,0,0,0,0,0,0,0,0,0,0,0,0,0
2022-03-16,0,1,1,0,28,0,0,2,0,0,0,1,0,0,0,0,0,0
2022-03-17,0,0,0,0,30,0,0,0,0,0,0,1,0,0,0,0,0,0
2022-03-18,0,0,0,0,8,0,0,0,0,0,0,0,0,0,0,0,0,0
2022-03-19,0,0,0,0,3,0,0,1,0,0,0,0,0,0,0,0,0,0
2022-03-20,0,1,0,0,3,0,0,0,0,0,0,0,0,0,0,0,0,0
2022-03-21,0,0,1,0,8,0,0,0,0,0,0,0,0,0,0,0,0,0
2022-03-22,1,0,0,0,15,0,0,0,0,0,0,0,0,0,0,0,0,0
2022-03-23,1,0,0,0,20,0,0,1,0,0,0,0,0,0,0,0,0,0
2022-03-24,0,1,0,0,41,0,0,0,0,0,0,1,0,0,0,0,0,0
2022-03-25,4,0,0,0,48,0,0,0,0,0,0,0,0,0,0,0,0,0
2022-03-26,2,0,0,0,15,0,0,0,0,0,0,5,0,0,0,0,0,0
2022-03-27,0,0,0,0,12,0,0,0,0,0,0,0,0,0,0,0,0,0
2022-03-28,1,0,3,0,8,0,0,0,0,0,0,2,0,0,0,0,0,0
2022-03-29,1,1,0,0,18,0,0,0,0,0,0,0,0,0,0,0,0,0
2022-03-30,0,1,0,0,8,0,0,1,0,0,0,0,0,0,0,0,0,1
2022-03-31,0,0,1,0,9,0,0,0,0,0,0,1,0,0,0,0,0,0
2022-04-01,0,3,0,0,8,0,0,0,0,0,0,2,0,0,0,0,0,0
2022-04-02,1,0,0,0,4,0,0,1,0,0,0,0,0,0,0,0,0,0
2022-04-03,0,0,0,0,7,0,0,0,0,0,0,0,0,0,0,0,0,0
2022-04-04,0,0,0,0,6,0,0,0,0,0,0,1,0,0,0,0,0,0
2022-04-05,37,1,0,1,49,0,0,1,0,0,0,1,0,0,0,0,0,0
2022-04-06,9,0,0,0,32,0,0,0,0,0,0,0,0,0,0,0,0,0
2022-04-07,0,1,0,0,10,0,0,0,0,0,0,0,0,0,0,0,0,0
2022-04-08,0,0,0,0,7,0,0,0,0,0,0,0,0,0,0,0,0,0
2022-04-09,0,0,0,0,1,0,0,0,0,0,0,0,0,0,0,0,0,0
2022-04-10,0,0,0,0,2,0,0,0,0,0,0,0,0,0,0,0,0,0
2022-04-11,0,0,10,0,0,0,0,0,0,0,0,1,0,0,0,0,0,0
2022-04-12,0,0,0,0,6,0,0,0,0,0,0,0,0,0,0,0,0,0
2022-04-13,0,2,2,0,12,0,0,1,0,0,0,0,0,0,0,0,1,0
2022-04-14,0,0,0,0,299,0,0,0,0,0,0,0,0,0,0,0,0,0
2022-04-15,0,0,0,0,182,0,0,0,0,0,0,0,0,0,0,0,0,0
2022-04-16,2,4,0,0,65,0,0,0,0,0,0,2,0,0,0,0,1,0
2022-04-17,0,2,0,0,138,0,0,0,0,0,0,0,0,0,0,0,0,0
2022-04-18,2,2,0,0,68,0,0,0,0,0,0,0,0,0,0,0,0,0
2022-04-19,4,1,0,0,33,0,0,0,0,0,0,0,0,0,0,0,0,0
2022-04-20,19,4,0,0,23,0,0,0,0,0,0,1,0,0,0,0,0,0
2022-04-21,0,1,0,0,13,0,0,0,0,0,0,0,0,0,0,0,0,0
2022-04-22,2,1,0,0,11,0,0,0,0,0,0,0,0,0,0,0,0,0
2022-04-23,3,0,0,0,3,0,0,0,0,0,0,0,0,0,0,0,0,0
2022-04-24,0,0,0,0,5,0,0,0,0,0,0,0,0,0,0,0,0,0
2022-04-25,9,0,0,0,20,0,0,0,1,0,0,3,0,0,0,0,0,0
2022-04-26,34,0,0,0,256,0,0,0,0,0,0,2,0,0,0,0,0,0
2022-04-27,4,6,0,0,160,0,0,0,0,0,0,0,0,0,0,0,0,0
2022-04-28,18,0,3,0,23,0,0,0,0,0,0,3,0,0,0,0,0,0
2022-04-29,5,0,0,0,15,0,0,0,0,0,0,1,0,0,0,0,0,0
2022-04-30,4,0,0,0,5,0,0,0,0,0,0,0,0,0,0,0,0,0
2022-05-01,3,0,0,0,8,0,0,0,1,0,0,1,0,0,0,0,0,0
2022-05-02,6,0,0,0,6,0,0,0,0,0,0,0,0,0,0,0,0,0
2022-05-03,1,0,0,0,34,0,0,0,0,0,0,0,0,0,0,0,0,0
2022-05-04,2,0,0,0,124,0,0,0,0,0,0,0,0,0,0,0,0,0
2022-05-05,1,0,0,0,29,0,0,0,0,0,0,0,0,0,0,0,0,0
2022-05-06,0,0,0,0,8,0,0,0,0,0,0,0,0,0,0,0,0,0
2022-05-07,0,0,0,0,1,0,0,0,0,0,0,0,0,0,0,0,0,0
2022-05-08,0,0,0,0,2,0,0,0,0,0,0,0,0,0,0,0,0,0
2022-05-09,2,0,0,0,365,0,0,0,0,0,0,7,0,0,0,0,0,0
2022-05-10,0,0,0,0,101,0,0,0,0,0,0,1,0,0,0,0,0,0
2022-05-11,5,0,0,0,41,0,0,0,0,0,0,0,0,0,0,0,0,0
2022-05-12,15,0,0,0,23,0,0,0,1,0,0,0,0,0,0,0,0,0
2022-05-13,2,2,0,0,16,0,0,1,0,0,0,0,0,0,0,0,1,0
2022-05-14,2,0,0,0,23,0,0,0,0,0,0,1,0,0,0,0,0,0
2022-05-15,0,0,0,0,12,0,0,0,0,0,0,0,0,0,0,0,0,0
2022-05-16,2,2,0,0,4,0,0,0,0,0,0,0,0,0,0,0,0,0
2022-05-17,2,0,0,0,10,0,0,0,0,0,0,0,0,0,0,0,0,0
2022-05-18,0,0,0,0,5,0,0,0,0,0,0,1,0,0,0,0,0,0
2022-05-19,4,0,3,0,4,0,0,0,0,0,0,0,0,0,0,0,0,0
2022-05-20,0,1,0,0,160,0,0,1,0,0,0,12,0,0,0,0,1,0
2022-05-21,0,0,0,0,24,0,0,1,0,0,0,0,0,0,0,0,0,0
2022-05-22,3,0,0,0,9,0,0,0,0,0,0,0,0,0,0,0,0,0
2022-05-23,1,1,0,0,5,0,0,0,0,0,0,1,0,0,0,0,0,0
2022-05-24,0,0,0,1,4,0,0,0,0,0,0,0,0,0,0,0,0,0
2022-05-25,0,0,0,0,3,0,0,0,0,0,0,1,0,0,0,0,0,0
2022-05-26,0,0,0,0,46,0,0,0,0,0,0,0,0,0,0,0,0,0
2022-05-27,0,0,0,0,66,0,0,0,1,0,0,0,0,0,0,0,0,0
2022-05-28,0,0,0,0,2,0,0,0,0,0,0,0,0,0,0,0,0,0
2022-05-29,0,0,0,0,10,0,0,0,1,0,0,0,0,0,0,0,1,0
2022-05-30,0,0,0,0,48,0,0,1,0,0,0,1,0,0,0,0,0,0
2022-05-31,2,0,2,0,24,0,0,0,0,0,0,0,0,0,0,0,0,1
2022-06-01,0,0,0,0,17,0,0,0,0,0,0,0,0,0,0,0,0,0
2022-06-02,0,3,0,0,29,0,0,3,0,0,0,0,0,0,0,0,0,0
2022-06-03,0,0,0,0,13,0,0,1,0,0,0,0,0,0,0,0,0,1
2022-06-04,0,0,0,0,5,0,0,0,0,0,0,0,0,0,0,0,0,0
2022-06-05,0,0,0,0,29,1,0,0,0,0,0,1,0,0,0,0,0,0
2022-06-06,0,0,0,0,11,0,0,0,0,0,0,1,0,0,0,0,0,0
2022-06-07,0,0,0,0,13,0,0,0,0,0,0,1,0,0,0,0,0,0
2022-06-08,0,0,0,0,12,0,0,1,1,0,0,1,0,0,0,0,1,0
2022-06-09,0,1,0,0,47,0,0,0,0,0,0,0,0,0,0,0,0,0
2022-06-10,9,0,0,0,7,0,0,0,0,0,0,1,0,0,0,0,0,0
2022-06-11,1,0,0,0,4,0,0,0,0,0,0,0,0,0,0,0,0,0
2022-06-12,3,0,0,0,7,0,0,0,0,0,0,0,0,0,0,0,0,0
2022-06-13,0,0,0,0,11,0,0,0,0,0,0,0,0,0,0,0,0,0
2022-06-14,5,0,0,0,10,0,0,0,0,0,0,1,0,0,0,0,0,0
2022-06-15,0,0,4,0,8,0,0,0,0,0,0,1,0,0,0,0,0,0
2022-06-17,0,0,1,0,1,0,0,0,0,0,0,0,0,0,0,0,0,0
2022-06-18,0,0,0,0,17,0,0,0,0,0,0,1,0,0,0,0,0,0
2022-06-19,0,2,0,0,47,0,0,0,0,0,0,1,0,0,0,0,0,1
2022-06-20,1,1,0,0,29,0,0,0,0,0,0,0,0,0,0,0,0,0
2022-06-21,0,1,0,0,17,0,0,0,0,0,0,1,0,0,0,0,0,0
2022-06-22,0,0,3,0,36,0,0,1,0,0,0,0,0,0,0,0,0,0
2022-06-23,0,1,0,0,24,0,0,0,1,0,0,0,0,0,0,0,0,0
2022-06-24,0,0,0,0,31,0,0,0,1,0,0,0,0,0,0,0,0,0
2022-06-25,0,0,0,0,6,0,0,0,0,0,0,0,0,0,0,0,0,0
2022-06-26,0,0,0,0,14,0,0,0,0,0,0,0,0,0,0,0,0,0
2022-06-27,1,0,0,0,22,0,0,0,0,0,0,3,0,0,0,0,0,0
2022-06-28,0,1,0,0,16,0,0,1,0,0,0,1,0,0,0,0,0,0
2022-06-29,0,0,0,0,6,0,0,0,0,0,0,0,0,0,0,0,0,0
2022-06-30,1,0,2,0,3,0,0,0,0,0,0,0,0,0,0,0,0,0
2022-07-01,3,0,5,0,8,0,0,0,0,0,0,0,0,0,0,0,0,1
2022-07-02,3,0,0,0,3,0,0,0,0,0,0,0,0,0,0,0,0,0
2022-07-03,0,1,0,0,7,0,0,0,0,0,0,0,0,0,0,0,0,0
2022-07-04,0,0,0,0,22,0,0,0,0,0,0,0,0,0,0,0,0,1
2022-07-05,0,0,0,0,12,0,0,0,0,0,0,0,0,0,0,0,0,3
2022-07-06,0,0,2,0,5,0,0,0,0,0,0,0,0,0,0,0,0,0
2022-07-07,0,0,0,0,6,0,0,1,0,0,0,0,0,0,0,0,1,0
2022-07-08,0,1,0,0,21,0,0,0,0,0,0,2,0,0,0,0,0,0
2022-07-09,0,0,0,0,37,0,0,0,0,0,0,0,0,0,0,0,0,0
2022-07-10,9,0,0,0,39,0,0,0,0,0,0,0,0,0,0,0,0,0
2022-07-11,0,1,0,0,24,0,0,0,0,0,0,1,0,0,0,0,0,0
2022-07-12,1,0,0,0,7,0,0,0,0,0,0,1,0,0,0,0,0,0
2022-07-13,0,0,2,0,5,0,0,0,0,0,0,0,0,0,0,0,0,0
2022-07-14,6,0,0,0,9,0,0,0,0,0,0,0,0,0,0,0,0,0
2022-07-15,1,2,2,0,2,0,0,0,0,0,0,0,0,0,0,0,0,0
2022-07-16,3,0,0,0,5,0,0,0,0,0,0,0,0,0,0,0,0,0
2022-07-17,0,0,0,0,3,0,0,0,0,0,0,0,0,0,0,0,0,0
2022-07-18,0,0,0,0,4,0,0,0,0,0,0,0,0,0,0,0,0,0
2022-07-19,0,0,0,0,1,0,0,0,0,0,0,0,0,0,0,0,0,0
2022-07-20,1,0,0,0,6,0,0,0,0,0,0,0,0,0,0,0,0,0
2022-07-21,16,0,6,0,5,0,0,0,0,0,0,0,0,0,0,0,0,0
2022-07-22,2,0,0,0,7,0,0,0,0,0,0,0,0,0,0,0,0,0
2022-07-23,0,0,0,0,9,0,0,0,0,0,0,0,0,0,0,0,0,0
2022-07-24,0,0,0,0,12,0,0,0,0,0,0,0,0,0,0,0,0,0
2022-07-25,0,1,0,0,3,0,0,0,0,0,0,0,0,0,0,0,0,0
2022-07-26,0,1,0,0,11,0,0,0,0,0,0,1,0,0,0,0,0,0
2022-07-27,0,0,3,0,0,0,0,0,0,0,0,1,0,0,0,0,0,0
2022-07-28,0,0,0,0,2,0,0,0,0,0,0,0,0,0,0,0,0,0
2022-07-29,1,0,0,0,6,0,0,1,0,0,0,0,0,0,0,0,0,0
2022-07-30,0,0,0,0,9,0,0,0,0,0,0,0,0,0,0,0,0,0
2022-07-31,0,0,0,0,3,0,0,0,0,0,0,0,0,0,0,0,0,0
2022-08-01,0,1,1,0,9,0,0,0,0,0,0,0,0,0,0,0,0,0
2022-08-02,8,4,4,0,13,0,0,0,0,0,0,0,0,0,0,0,0,0
2022-08-03,0,0,15,0,6,0,0,0,0,0,0,1,0,0,0,0,0,0
2022-08-04,1,0,4,0,24,0,0,0,0,0,0,0,0,0,0,0,0,0
2022-08-05,0,0,1,0,25,0,0,0,1,0,0,0,0,0,0,0,0,0
2022-08-06,0,0,0,0,5,0,0,0,0,0,0,0,0,0,0,0,0,0
2022-08-07,0,0,0,0,3,0,0,0,0,0,0,1,0,0,0,0,0,0
2022-08-08,1,0,0,0,13,0,0,0,0,0,0,1,0,0,0,0,0,0
2022-08-09,0,0,0,0,11,0,0,0,0,0,0,0,0,0,0,0,0,0
2022-08-10,0,0,0,0,15,0,0,0,0,0,0,0,0,0,0,0,0,0
2022-08-11,0,0,0,0,4,0,0,0,0,0,0,0,0,0,0,0,0,0
2022-08-12,0,0,0,0,13,0,0,0,0,0,0,0,0,0,0,0,0,0
2022-08-13,0,0,0,0,7,0,0,1,0,0,0,0,0,0,0,0,0,0
2022-08-14,0,0,0,0,17,0,0,0,0,0,0,1,0,0,0,0,0,0
2022-08-15,0,0,0,0,15,0,0,0,0,0,0,1,0,0,0,0,0,0
2022-08-16,4,0,0,1,18,0,0,0,0,0,0,1,0,0,0,0,0,0
2022-08-17,10,0,0,0,23,0,0,0,0,0,0,1,0,0,0,0,0,0
2022-08-18,1,0,0,0,8,0,0,0,0,0,0,0,0,0,0,0,0,0
2022-08-19,0,0,0,0,19,0,0,0,0,0,0,0,0,0,0,0,0,0
2022-08-20,1,0,0,0,13,0,0,0,0,0,0,0,0,0,0,0,0,0
2022-08-21,0,0,0,0,3,0,0,1,0,0,0,0,0,0,0,0,0,0
2022-08-22,10,1,0,0,44,0,0,0,0,0,0,1,0,0,0,0,0,0
2022-08-23,2,2,0,0,66,0,0,0,0,0,0,2,0,0,0,0,0,0
2022-08-24,186,1,0,0,130,0,0,2,0,0,0,7,0,0,0,0,0,0
2022-08-25,43,7,0,0,174,0,0,0,0,0,0,2,0,0,0,0,0,0
2022-08-26,15,0,0,0,73,0,0,0,0,0,0,0,0,0,0,0,1,0
2022-08-27,8,0,0,0,74,0,0,0,0,0,0,2,0,0,0,0,0,0
2022-08-28,16,0,0,0,63,0,0,0,0,0,0,0,0,0,0,0,0,1
2022-08-29,19,1,0,0,24,0,0,1,0,0,0,1,0,0,0,0,0,0
2022-08-30,4,0,0,0,20,0,0,0,0,0,0,2,0,0,0,0,0,0
2022-08-31,3,0,0,0,15,1,0,0,0,0,0,0,0,0,0,0,0,0
2022-09-01,9,2,0,0,64,0,0,0,0,0,0,0,0,0,0,0,0,0
2022-09-02,6,4,0,0,46,0,0,0,0,0,0,0,0,0,0,0,1,0
2022-09-03,6,0,0,0,9,0,0,0,0,0,0,0,0,0,0,0,0,0
2022-09-04,31,0,2,0,4,0,0,0,0,0,0,0,0,0,0,0,0,0
2022-09-05,7,2,0,0,9,0,0,0,0,0,0,0,0,0,0,0,0,1
2022-09-06,7,0,1,0,23,0,0,0,0,0,0,0,0,0,0,0,0,0
2022-09-07,1,0,0,0,29,0,0,0,0,0,0,0,0,0,0,0,2,0
2022-09-08,4,0,2,0,15,0,0,0,0,0,0,1,0,0,0,0,0,0
2022-09-09,2,0,0,0,5,0,0,0,0,0,0,0,0,0,0,0,0,0
2022-09-10,0,2,0,0,3,0,0,0,0,0,0,0,0,0,0,0,0,0
2022-09-11,1,0,0,0,29,0,0,0,0,0,0,0,0,0,0,0,2,0
2022-09-12,0,3,0,0,31,0,0,0,0,0,0,0,0,0,0,0,0,0
2022-09-13,1,0,0,0,13,0,0,1,0,0,0,3,0,0,0,0,0,0
2022-09-14,0,0,0,0,7,0,0,0,0,0,0,3,0,0,0,0,0,0
2022-09-15,0,0,0,0,1,0,0,0,0,0,0,0,0,0,0,0,0,0
2022-09-16,0,0,0,0,1,0,0,0,0,0,0,0,0,0,0,0,0,0
2022-09-17,0,0,0,0,6,0,0,0,0,0,0,1,0,0,0,0,0,0
2022-09-18,1,0,0,0,13,0,0,0,0,0,0,0,0,0,0,0,0,0
2022-09-19,40,0,0,0,7,0,0,0,0,0,0,1,0,0,0,0,0,0
2022-09-20,7,0,0,0,7,0,0,0,1,0,0,0,0,0,0,0,2,0
2022-09-21,1,0,2,0,4,0,0,0,0,0,0,0,0,0,0,0,0,0
2022-09-22,3,1,0,0,7,0,0,0,0,0,0,0,0,0,0,0,0,0
2022-09-23,1,0,0,0,4,0,0,0,0,0,0,0,0,0,0,0,0,0
2022-09-24,1,0,0,0,3,0,0,0,0,0,0,0,0,0,0,0,0,0
2022-09-25,7,0,0,0,2,0,0,0,0,0,0,0,0,0,0,0,0,0
2022-09-26,0,0,0,0,24,0,0,0,0,0,0,1,0,0,0,0,0,0
2022-09-27,0,2,0,0,36,0,0,0,0,0,0,0,0,0,0,0,0,0
2022-09-28,7,2,0,0,56,0,0,0,0,0,0,0,0,0,0,0,0,0
2022-09-29,0,0,0,0,63,0,0,0,0,0,0,0,0,0,0,0,0,0
2022-09-30,8,0,0,0,22,0,0,0,0,0,0,0,0,0,0,0,0,0
2022-10-01,0,2,4,0,2,0,0,0,0,0,0,0,0,0,0,0,0,0
2022-10-02,0,0,0,0,9,0,0,0,0,0,0,0,0,0,0,0,0,0
2022-10-03,1,0,0,0,7,0,0,0,1,0,0,1,0,0,0,0,0,1
2022-10-04,1,0,0,0,14,0,0,0,0,0,0,0,0,0,0,0,0,0
2022-10-05,1,0,0,0,26,0,0,0,0,0,0,0,0,0,0,0,0,0
2022-10-06,2,0,0,0,8,0,0,0,0,0,0,0,0,0,0,0,0,0
2022-10-07,3,0,0,0,6,0,0,0,0,0,0,0,0,0,0,0,0,0
2022-10-08,2,0,0,0,4,0,0,0,0,0,0,0,0,0,0,0,0,0
2022-10-09,0,0,0,0,5,0,0,0,0,0,0,0,0,0,0,0,0,0
2022-10-10,0,0,1,0,16,0,0,0,0,0,0,0,0,0,0,0,0,0
2022-10-11,0,1,0,0,4,0,0,0,0,0,0,2,0,0,0,0,0,0
2022-10-12,0,0,0,0,10,0,0,0,0,0,0,1,0,0,0,0,0,0
2022-10-13,2,0,0,0,9,0,0,0,0,0,0,0,0,0,0,0,0,0
2022-10-14,1,0,0,0,4,0,0,0,0,0,0,1,0,0,0,0,0,0
2022-10-15,0,0,0,0,8,0,0,0,0,0,0,0,0,0,0,0,0,0
2022-10-16,0,0,0,0,2,0,0,0,1,0,0,3,0,0,0,0,0,0
2022-10-17,34,3,0,0,21,0,0,0,0,0,0,2,0,0,0,0,0,0
2022-10-18,6,1,14,0,7,0,0,0,0,0,0,0,0,0,0,0,0,0
2022-10-19,2,0,0,0,27,0,0,0,0,0,0,0,0,0,0,0,0,0
2022-10-20,3,0,0,0,28,0,0,0,1,0,0,1,0,0,0,0,2,0
2022-10-21,4,2,4,0,13,0,0,0,1,0,0,0,0,0,0,0,0,0
2022-10-22,1,1,0,0,13,0,0,0,0,0,0,1,0,0,0,0,0,0
2022-10-23,24,0,0,0,16,0,0,0,1,0,0,0,0,0,0,0,0,0
2022-10-24,3,0,0,0,9,0,0,0,0,0,0,0,0,0,0,0,0,0
2022-10-25,2,0,1,0,25,0,0,0,0,0,0,0,0,0,0,0,0,0
2022-10-26,0,0,0,0,36,0,0,0,1,0,0,0,0,0,0,0,0,0
2022-10-27,0,0,0,0,27,0,0,0,0,0,0,2,0,0,0,0,0,0
2022-10-28,85,4,1,0,59,0,0,0,0,0,0,2,0,0,0,0,0,0
2022-10-29,2,0,0,0,27,1,0,0,1,0,0,2,0,0,0,0,1,0
2022-10-30,0,0,0,0,77,0,0,0,0,0,0,0,0,0,0,0,0,0
2022-10-31,1,0,0,0,39,0,0,0,0,0,0,0,0,0,0,0,0,0
2022-11-01,0,1,0,0,6,0,0,0,0,0,0,3,0,0,0,0,0,0
2022-11-02,0,0,0,0,11,0,0,0,0,0,0,0,0,0,0,0,0,0
2022-11-03,108,0,2,0,40,0,0,0,1,0,0,0,0,0,0,0,0,0
2022-11-04,3,0,0,0,24,0,0,1,0,0,0,0,0,0,0,0,0,0
2022-11-05,3,0,1,0,5,0,0,0,0,0,0,1,0,0,0,0,0,0
2022-11-06,21,1,0,0,4,0,0,0,0,0,0,2,0,0,0,0,0,0
2022-11-07,4,0,0,0,19,0,0,0,0,0,0,0,0,0,0,0,0,0
2022-11-08,23,2,2,0,11,0,0,0,0,0,0,7,0,0,0,0,0,0
2022-11-09,7,1,5,0,22,0,0,1,0,0,0,4,0,0,0,0,0,0
2022-11-10,14,0,0,0,9,0,0,0,0,0,0,1,0,0,0,0,0,0
2022-11-11,1,1,0,0,17,0,0,0,0,0,0,1,0,0,0,0,0,0
2022-11-12,6,0,0,0,31,0,0,0,0,0,0,0,0,0,0,0,1,0
2022-11-13,0,0,0,0,26,0,0,0,0,0,0,0,0,0,0,0,0,0
2022-11-14,0,0,1,0,10,0,0,0,1,0,0,1,0,0,0,0,0,1
2022-11-15,0,0,1,0,11,0,0,0,0,0,0,0,0,0,0,0,0,0
2022-11-16,0,0,0,0,9,1,0,0,1,0,0,0,0,0,0,0,0,0
2022-11-17,0,0,0,0,15,0,0,0,0,0,0,0,0,0,0,0,0,0
2022-11-18,0,0,0,0,12,0,0,0,0,0,0,0,0,0,0,0,0,0
2022-11-19,1,1,0,0,3,0,0,0,0,0,0,1,0,0,0,0,0,0
2022-11-20,1,0,0,0,2,0,0,0,0,0,0,0,0,0,0,0,0,0
2022-11-21,6,0,0,0,20,0,0,0,0,0,0,2,0,0,0,0,0,0
2022-11-22,1,0,1,0,6,0,0,0,0,0,0,5,0,0,0,0,0,0
2022-11-23,0,0,0,0,9,0,0,0,0,0,0,1,0,0,0,0,0,0
2022-11-24,0,0,0,0,9,0,0,0,0,0,0,0,0,0,0,0,0,0
2022-11-25,0,0,0,0,5,0,0,1,0,0,0,2,0,0,0,0,0,0
2022-11-26,0,0,0,0,1,0,0,0,0,0,0,0,0,0,0,0,0,0
2022-11-27,0,0,0,0,2,0,0,0,0,0,0,0,0,0,0,0,0,0
2022-11-28,2,0,0,0,76,0,0,0,0,0,0,0,0,0,0,0,0,0
2022-11-29,76,0,1,0,20,0,0,0,0,0,0,0,0,0,0,0,0,0
2022-11-30,0,0,0,0,28,0,0,0,0,0,0,0,0,0,0,0,0,1
2022-12-01,0,0,0,0,12,0,0,0,0,0,0,2,0,0,0,0,0,0
2022-12-02,1,0,0,0,4,0,0,0,0,0,0,0,0,0,0,0,0,1
2022-12-03,0,0,0,0,2,0,0,1,0,0,0,1,0,0,0,0,0,0
2022-12-04,0,0,0,0,18,0,0,0,0,0,0,2,0,0,0,0,0,0
2022-12-05,6,1,1,0,9,0,0,0,0,0,0,0,0,0,0,0,0,0
2022-12-06,42,0,0,0,15,0,0,0,0,0,0,0,0,0,0,0,0,0
2022-12-07,8,0,2,0,20,0,0,0,1,0,0,2,0,0,0,0,0,0
2022-12-08,0,0,0,0,9,0,0,0,0,0,0,0,0,0,0,0,0,0
2022-12-09,0,0,3,0,68,0,0,0,0,0,0,0,0,0,0,0,0,0
2022-12-10,0,0,0,0,49,0,0,0,0,0,0,0,0,0,0,0,0,0
2022-12-11,0,0,0,0,159,0,0,0,0,0,0,0,0,0,0,0,0,0
2022-12-12,1,0,0,0,236,0,0,0,0,0,0,1,0,0,0,0,0,0
2022-12-13,1,0,0,0,217,0,0,0,0,0,0,2,0,0,0,0,0,0
2022-12-14,1,2,0,0,86,1,0,0,0,0,0,0,0,0,0,0,0,0
2022-12-15,4,0,0,0,29,0,0,0,0,0,0,0,0,0,0,0,0,0
2022-12-16,3,0,1,0,36,0,0,0,0,0,0,1,0,0,0,0,0,0
2022-12-17,2,0,0,0,15,0,0,0,0,0,0,0,0,0,0,0,0,0
2022-12-18,0,0,0,0,4,0,0,0,1,0,0,1,0,0,0,0,0,0
2022-12-19,4,0,0,0,15,0,0,0,0,0,0,6,0,0,0,0,0,0
2022-12-20,9,0,0,0,27,0,0,0,0,0,0,3,0,0,0,0,0,0
2022-12-21,0,1,0,0,14,0,0,0,0,0,0,7,0,0,0,0,0,0
2022-12-22,0,0,0,0,12,0,0,0,3,0,0,2,0,0,0,0,0,0
2022-12-23,1,0,0,0,9,0,0,0,0,0,0,0,0,0,0,0,0,0
2022-12-24,0,0,0,0,10,0,0,0,0,0,0,0,0,0,0,0,0,0
2022-12-25,0,0,0,0,5,0,0,0,0,0,0,0,0,0,0,0,0,0
2022-12-26,0,0,0,0,3,0,0,0,1,0,0,0,0,0,0,0,0,0
2022-12-27,0,0,0,0,21,0,0,0,0,0,0,1,0,0,0,0,0,0
2022-12-28,1,1,0,0,31,0,0,0,1,0,0,0,0,0,0,0,0,0
2022-12-29,1,0,0,0,17,0,0,0,0,0,0,0,0,0,0,0,0,0
2022-12-30,0,0,0,0,16,0,0,2,0,0,0,1,0,0,0,0,0,0
2022-12-31,0,0,0,0,51,0,0,1,0,0,0,0,0,0,0,0,0,0
2023-01-01,0,0,6,0,13,0,0,0,0,0,0,0,0,0,0,0,0,0
2023-01-02,0,0,0,0,9,0,0,0,0,0,0,1,0,0,0,0,0,0
2023-01-03,1,1,1,0,18,0,0,0,2,0,0,2,0,0,0,0,0,0
2023-01-04,2,0,0,0,14,0,0,0,0,0,0,3,0,0,0,0,0,0
2023-01-05,0,4,0,0,83,0,0,0,0,0,0,3,0,0,0,0,0,0
2023-01-06,7,0,0,0,61,0,0,0,0,0,0,0,0,0,0,0,0,0
2023-01-07,0,0,0,0,38,0,0,0,0,0,0,0,0,0,0,0,0,0
2023-01-08,0,0,0,0,22,0,0,0,0,0,0,0,0,0,0,0,0,0
2023-01-09,2,0,0,0,14,0,0,1,2,0,0,0,0,0,0,0,0,0
2023-01-10,0,0,0,1,11,0,0,0,0,0,0,0,0,0,0,0,0,0
2023-01-11,4,0,0,0,13,0,0,1,0,0,0,2,0,0,0,0,0,0
2023-01-12,1,0,0,0,13,0,0,0,1,0,0,0,0,0,0,0,0,0
2023-01-13,0,0,0,0,16,0,0,1,0,0,0,0,0,0,0,0,0,0
2023-01-14,0,0,0,0,11,0,0,0,1,0,0,0,0,0,0,0,0,0
2023-01-15,0,0,0,0,4,0,0,0,0,0,0,0,0,0,0,0,0,0
2023-01-16,0,0,0,0,6,0,0,0,0,0,0,1,0,0,0,0,0,1
2023-01-17,4,0,0,0,10,0,0,0,0,0,0,0,0,0,0,0,0,0
2023-01-18,21,3,0,0,524,0,0,2,1,0,0,0,0,0,0,0,1,0
2023-01-19,4,2,0,0,193,0,0,0,1,0,0,4,0,0,0,0,0,0
2023-01-20,8,1,0,0,62,0,0,0,0,0,0,1,0,0,0,0,0,0
2023-01-21,1,0,0,0,37,0,0,0,0,0,0,1,0,0,0,0,0,0
2023-01-22,0,0,0,0,22,0,0,1,0,0,0,0,0,0,0,0,0,0
2023-01-23,3,1,0,0,52,0,0,0,0,0,0,0,0,0,0,0,0,0
2023-01-24,17,0,1,0,23,0,0,0,0,0,0,0,0,0,0,0,0,0
2023-01-25,5,0,0,0,25,0,0,1,1,0,0,0,0,0,0,0,1,0
2023-01-26,15,0,20,0,27,0,0,1,0,0,0,0,0,0,0,0,0,2
2023-01-27,4,0,0,0,44,0,0,0,0,0,0,1,0,0,0,0,0,0
2023-01-28,0,0,0,0,72,0,0,0,0,0,0,2,0,0,0,0,0,0
2023-01-29,0,0,0,0,159,0,0,0,0,0,0,2,0,0,0,0,0,0
2023-01-30,0,0,0,0,109,0,0,0,1,0,0,1,0,0,0,0,0,0
2023-01-31,0,0,0,0,70,0,0,0,0,0,0,0,0,0,0,0,0,0
2023-02-01,0,0,0,0,109,0,0,0,2,0,0,1,0,0,0,0,0,0
2023-02-02,2,2,0,0,38,0,0,0,0,0,0,1,0,0,0,0,0,0
2023-02-03,1,1,0,0,11,0,0,0,0,0,0,1,0,0,0,0,0,0
2023-02-04,0,0,0,0,3,0,0,0,0,0,0,0,0,0,0,0,0,1
2023-02-05,0,0,0,0,13,0,0,1,0,0,0,0,0,0,0,0,0,0
2023-02-06,0,0,0,0,73,0,0,0,1,0,0,0,0,0,0,0,0,0
2023-02-07,1,0,0,0,30,0,0,0,0,0,0,0,0,0,0,0,0,2
2023-02-08,10,1,0,0,117,0,0,0,0,0,0,2,0,0,0,0,0,0
2023-02-09,2,2,0,0,68,0,0,1,0,0,0,6,0,0,0,0,0,0
2023-02-10,5,0,0,0,20,0,0,0,0,0,0,0,0,0,0,0,0,0
2023-02-11,5,0,0,0,25,0,0,0,0,0,0,6,0,0,0,0,0,0
2023-02-12,0,0,0,0,7,0,0,0,0,0,0,0,0,0,0,0,0,0
2023-02-13,1,2,0,0,16,0,0,1,0,0,0,1,0,0,0,0,0,0
2023-02-14,0,0,4,0,31,0,0,1,0,0,0,2,0,0,0,0,0,0
2023-02-15,1,1,0,0,44,0,0,0,4,0,0,0,0,0,0,0,0,0
2023-02-16,13,1,0,0,26,0,0,0,1,0,0,1,0,0,0,0,0,0
2023-02-17,0,0,0,0,62,0,0,0,0,0,0,0,0,0,0,0,0,0
2023-02-18,1,0,0,0,115,0,0,0,0,0,0,1,0,0,0,0,0,0
2023-02-19,0,0,0,0,34,0,0,0,2,0,0,0,0,0,0,0,0,0
2023-02-20,0,0,0,0,28,0,0,0,0,0,0,0,0,0,0,0,0,0
2023-02-21,0,0,1,0,20,0,0,0,0,0,0,0,0,0,0,0,0,0
2023-02-22,4,1,0,0,16,0,0,0,0,0,0,0,0,0,0,0,0,0
2023-02-23,5,0,0,0,12,0,0,1,0,0,0,0,0,0,0,0,0,0
2023-02-24,1,0,4,0,5,0,0,0,0,0,0,1,0,0,0,0,0,0
2023-02-25,0,0,0,0,2,0,0,0,0,0,0,0,0,0,0,0,0,0
2023-02-26,0,0,0,0,10,0,0,0,1,0,0,4,0,0,0,0,0,0
2023-02-27,0,0,0,0,30,0,0,0,0,0,0,2,0,0,0,0,0,0
2023-02-28,0,0,0,0,21,0,0,0,0,0,0,2,0,0,0,0,0,0
2023-03-01,0,0,1,0,47,0,0,0,0,0,0,0,0,0,0,0,0,0
2023-03-02,4,0,0,0,142,0,0,0,0,0,0,4,0,0,0,0,0,0
2023-03-03,1,1,0,0,70,0,0,0,0,0,0,2,0,0,0,0,0,0
2023-03-04,0,0,0,0,67,0,0,0,0,0,0,1,0,0,0,0,0,0
2023-03-05,0,0,0,0,21,0,0,1,1,0,0,1,0,0,0,0,0,1
2023-03-06,0,0,0,0,21,0,0,0,0,0,0,0,0,0,0,0,0,0
2023-03-07,1,0,0,0,34,0,0,1,0,0,0,1,0,0,0,0,0,0
2023-03-08,2,0,0,0,15,0,0,0,0,0,0,0,0,0,0,0,0,0
2023-03-09,1,0,0,0,17,0,0,0,0,0,0,3,0,0,0,0,0,0
2023-03-10,0,1,0,0,25,0,0,0,0,0,0,0,0,0,0,0,1,0
2023-03-11,0,0,0,0,22,0,0,0,0,0,0,0,0,0,0,0,0,0
2023-03-12,1,0,0,0,15,0,0,0,0,0,0,1,0,0,0,0,0,0
2023-03-13,2,0,0,0,14,0,0,0,0,0,0,0,0,0,0,0,0,0
2023-03-14,3,1,0,0,17,0,0,0,1,0,0,1,0,0,0,0,0,0
2023-03-15,2,0,0,0,6,0,0,0,1,0,0,1,0,0,0,0,0,0
2023-03-16,1,0,0,0,11,0,0,0,0,0,0,0,0,0,0,0,0,0
2023-03-17,4,0,2,0,55,0,0,0,0,0,0,0,0,0,0,0,0,0
2023-03-18,0,0,0,0,15,0,0,0,0,0,0,0,0,0,0,0,0,0
2023-03-19,0,0,0,0,73,0,0,0,0,0,0,2,0,0,0,0,0,0
2023-03-20,3,0,0,0,16,0,0,0,0,0,0,1,0,0,0,0,0,0
2023-03-21,0,0,1,0,21,0,0,0,0,0,0,0,0,0,0,0,0,0
2023-03-22,6,2,0,0,15,0,0,0,0,0,0,1,0,0,0,0,0,0
2023-03-23,0,0,0,0,29,0,0,1,0,0,0,0,0,0,0,0,0,0
2023-03-24,0,0,0,0,20,0,0,0,0,0,0,0,0,0,0,0,0,0
2023-03-25,0,0,0,0,11,0,0,0,0,0,0,0,0,0,0,0,0,0
2023-03-26,0,0,0,0,4,0,0,0,0,0,0,1,0,0,0,0,0,0
2023-03-27,0,0,0,0,18,0,0,0,1,0,0,1,0,0,0,0,0,0
2023-03-28,0,0,0,0,21,0,0,0,1,0,0,0,0,0,0,0,0,0
2023-03-29,0,0,1,0,14,0,0,0,0,0,0,0,0,0,0,0,0,0
2023-03-30,5,0,1,0,10,0,0,0,0,0,0,0,0,0,0,0,0,0
2023-03-31,2,2,0,0,7,1,0,0,0,0,0,1,0,0,0,0,1,0
2023-04-01,0,0,0,0,2,0,0,0,0,0,0,1,0,0,0,0,0,1
2023-04-02,0,1,0,0,3,0,0,0,0,0,0,1,0,0,0,0,0,0
2023-04-03,1,0,0,0,34,0,0,0,0,0,0,1,0,0,0,0,0,0
2023-04-04,0,1,0,0,9,0,0,0,0,0,0,0,0,0,0,0,0,0
2023-04-05,12,2,4,0,10,0,0,1,0,0,0,0,0,0,0,0,1,0
2023-04-06,2,0,0,0,2,0,0,0,0,0,0,0,0,0,0,0,0,0
2023-04-07,1,0,0,0,3,0,0,0,0,0,0,0,0,0,0,0,0,0
2023-04-08,1,0,0,0,5,0,0,0,0,0,0,3,0,0,0,0,0,0
2023-04-09,1,1,0,0,8,0,0,0,1,0,0,0,0,0,0,0,2,0
2023-04-10,1,1,0,0,14,0,0,1,0,0,0,0,0,0,0,0,0,0
2023-04-11,1,0,2,0,6,0,0,0,1,0,0,2,0,0,0,0,0,0
2023-04-12,0,0,0,0,5,0,0,0,0,0,0,1,0,0,0,0,0,0
2023-04-13,4,0,1,0,9,0,0,0,0,0,0,1,0,0,0,0,0,0
2023-04-14,0,0,0,0,13,0,0,0,1,0,0,0,0,0,0,0,0,0
2023-04-15,1,0,0,0,12,0,0,0,0,0,0,0,0,0,0,0,0,0
2023-04-16,0,0,0,0,1,0,0,1,0,0,0,0,0,0,0,0,0,0
2023-04-17,0,0,0,0,6,0,0,0,1,0,0,0,0,0,0,0,0,0
2023-04-18,0,0,0,0,10,0,0,1,0,0,0,1,0,0,0,0,0,0
2023-04-19,1,0,0,0,9,0,0,0,0,0,0,0,0,0,0,0,0,0
2023-04-20,1,0,0,0,14,0,0,0,0,0,0,0,0,0,0,0,0,0
2023-04-21,0,0,0,0,29,0,0,0,0,0,0,1,0,0,0,0,0,0
2023-04-22,0,0,0,0,3,0,0,0,0,0,0,0,0,0,0,0,0,0
2023-04-23,0,0,0,0,1,0,0,0,0,0,0,0,0,0,0,0,0,0
2023-04-24,12,1,2,0,9,0,0,0,1,0,0,0,0,0,0,0,0,0
2023-04-25,12,0,0,0,4,0,0,0,0,0,0,0,0,0,0,0,1,0
2023-04-26,10,1,0,0,24,0,0,0,0,0,0,1,0,0,0,0,0,0
2023-04-27,3,0,0,0,10,0,0,0,0,0,0,0,0,0,0,0,0,0
2023-04-28,1,0,0,0,13,0,0,0,0,0,0,1,0,0,0,0,0,0
2023-04-29,1,0,0,0,5,0,0,0,0,0,0,0,0,0,0,0,0,0
2023-04-30,0,0,0,0,3,0,0,0,0,0,0,0,0,0,0,0,0,0
2023-05-01,0,0,0,0,9,0,0,0,0,0,0,0,0,0,0,0,0,0
2023-05-02,0,1,0,0,23,0,0,0,0,0,0,0,0,0,0,0,0,0
2023-05-03,0,0,0,0,4,0,0,0,0,0,0,1,0,0,0,0,0,0
2023-05-04,1,0,0,0,10,0,0,0,0,0,0,1,0,0,0,0,0,0
2023-05-05,0,0,0,0,38,0,0,0,1,0,0,0,0,0,0,0,0,0
2023-05-06,0,0,0,0,5,0,0,0,0,0,0,0,0,0,0,0,0,0
2023-05-07,0,0,0,0,6,0,0,0,0,0,0,0,0,0,0,0,0,0
2023-05-08,0,0,0,0,13,0,0,0,0,0,0,0,0,0,0,0,0,0
2023-05-09,0,0,0,0,63,0,0,0,0,0,0,0,0,0,0,0,0,0
2023-05-10,0,0,0,0,140,0,0,0,0,0,0,1,0,0,0,0,1,0
2023-05-11,0,0,0,0,109,0,0,0,0,0,0,0,0,0,0,0,0,0
2023-05-12,0,0,0,0,69,0,0,0,0,0,0,0,0,0,0,0,0,0
2023-05-13,0,0,0,0,65,0,0,0,0,0,0,0,0,0,0,0,0,0
2023-05-14,0,0,0,0,68,0,0,1,0,0,0,0,0,0,0,0,0,0
2023-05-15,1,0,0,0,27,0,0,0,0,0,0,1,0,0,0,0,0,0
2023-05-16,1,1,0,0,14,0,0,0,0,0,0,0,0,0,0,0,0,0
2023-05-17,1,0,1,0,17,0,0,0,0,0,0,0,0,0,0,0,0,0
2023-05-18,1,1,0,0,8,0,0,1,0,0,0,1,0,0,0,0,0,0
2023-05-19,2,0,0,0,8,0,0,0,0,0,0,0,0,0,0,0,0,0
2023-05-20,0,0,0,0,12,0,0,0,0,0,0,0,0,0,0,0,0,0
2023-05-21,0,0,0,0,20,0,0,0,0,0,0,0,0,0,0,0,0,0
2023-05-22,0,0,0,0,31,0,0,0,0,0,0,0,0,0,0,0,0,0
2023-05-23,2,0,0,0,9,0,0,0,0,0,0,0,0,0,0,0,0,0
2023-05-24,0,0,0,0,3,0,0,0,0,0,0,0,0,0,0,0,0,0
2023-05-25,0,0,0,0,22,0,0,0,0,0,0,1,0,0,0,0,0,1
2023-05-26,0,1,0,0,58,0,0,0,0,0,0,1,0,0,0,0,1,0
2023-05-27,0,1,0,0,312,0,0,0,1,0,0,0,0,0,0,0,0,0
2023-05-28,1,0,0,0,56,0,0,0,0,0,0,0,0,0,0,0,0,0
2023-05-29,1,0,0,0,31,0,0,1,0,0,0,0,0,0,0,0,0,0
2023-05-30,0,0,1,0,202,0,0,0,0,0,0,2,0,0,0,0,0,0
2023-05-31,6,0,0,0,52,0,0,0,0,0,0,0,0,0,0,0,0,0
2023-06-01,3,1,0,0,3,0,0,0,0,0,0,0,0,0,0,0,0,0
2023-06-02,1,0,0,0,42,0,0,2,0,0,0,0,0,0,0,0,0,0
2023-06-03,0,0,0,0,15,0,0,0,0,0,0,0,0,0,0,0,0,0
2023-06-04,2,0,0,0,7,0,0,0,0,0,0,0,0,0,0,0,0,0
2023-06-05,1,0,0,0,4,0,0,0,0,0,0,1,0,0,0,0,0,0
2023-06-06,10,1,0,0,14,0,0,0,0,0,0,0,0,0,0,0,0,0
2023-06-07,1,0,1,0,549,0,0,0,0,0,0,0,0,0,0,0,0,0
2023-06-08,1,0,0,0,33,0,0,0,0,0,0,1,0,0,0,0,0,0
2023-06-09,1,0,0,0,9,0,0,0,0,0,0,0,0,0,0,0,0,0
2023-06-10,0,0,0,0,8,0,0,0,0,0,0,1,0,0,0,0,0,0
2023-06-11,4,0,0,0,13,0,0,0,0,0,0,0,0,0,0,0,1,0
2023-06-12,3,0,0,0,2,0,0,0,0,0,0,0,0,0,0,0,0,0
2023-06-13,0,1,0,0,7,0,0,1,0,0,0,0,0,0,0,0,0,0
2023-06-14,0,0,1,1,42,0,0,0,0,0,0,0,0,0,0,0,0,0
2023-06-15,1,0,0,0,49,0,0,0,0,0,0,0,0,0,0,0,0,0
2023-06-16,1,0,1,0,4,0,0,0,0,0,0,1,0,0,0,0,0,0
2023-06-17,0,0,0,0,9,0,0,0,0,0,0,1,0,0,0,0,0,0
2023-06-18,2,0,0,0,5,0,0,0,0,0,0,0,0,0,0,0,0,0
2023-06-19,15,0,1,0,9,0,0,0,0,0,0,0,0,0,0,0,0,0
2023-06-20,9,1,0,0,13,0,0,0,0,0,0,1,0,0,0,0,0,0
2023-06-21,3,0,0,0,117,0,0,0,0,0,0,0,0,0,0,0,0,0
2023-06-22,0,1,0,0,98,0,0,0,0,0,0,2,0,0,0,0,0,0
2023-06-23,1,0,0,0,81,0,0,0,0,0,0,2,0,0,0,0,0,0
2023-06-24,1,1,0,0,29,0,0,0,0,0,0,0,0,0,0,0,0,0
2023-06-25,1,1,0,0,4,0,0,0,0,0,0,0,0,0,0,0,0,0
2023-06-26,0,0,0,0,132,0,0,0,1,0,0,0,0,0,0,0,0,0
2023-06-27,2,1,0,0,64,0,0,0,0,0,0,0,0,0,0,0,0,0
2023-06-28,0,0,0,0,18,0,0,0,0,0,0,0,0,0,0,0,0,0
2023-06-29,58,1,0,0,182,0,0,0,0,0,0,11,0,0,0,0,0,1
2023-06-30,11,0,0,0,160,0,0,0,0,0,0,3,0,0,0,0,1,0
2023-07-01,1,1,0,0,42,0,0,1,0,0,0,0,0,0,0,0,0,0
2023-07-02,4,0,0,0,25,0,0,0,0,0,0,1,0,0,0,0,0,0
2023-07-03,2,2,0,0,42,0,0,0,0,0,0,0,0,0,0,0,0,0
2023-07-04,3,1,0,0,32,0,0,0,1,0,0,0,0,0,0,0,0,0
2023-07-05,22,0,0,0,41,0,0,0,0,0,0,0,0,0,0,0,0,0
2023-07-06,3,0,0,0,33,0,0,0,0,0,0,2,0,0,0,0,0,0
2023-07-07,2,0,0,0,7,0,0,1,0,0,0,1,0,0,0,0,0,0
2023-07-08,0,0,0,0,4,0,0,0,2,0,0,0,0,0,0,0,0,0
2023-07-09,0,2,0,0,14,0,0,0,0,0,0,1,0,0,0,0,0,0
2023-07-10,1,1,0,0,26,0,0,0,0,0,0,0,0,0,0,0,0,0
2023-07-11,2,0,0,0,40,0,0,0,0,0,0,0,0,0,0,0,0,0
2023-07-12,0,0,0,0,28,0,0,0,0,0,0,1,0,0,0,0,0,0
2023-07-13,4,0,0,0,11,0,0,0,0,0,0,0,0,0,0,0,1,0
2023-07-14,0,0,0,0,19,0,0,0,0,0,0,0,0,0,0,0,0,0
2023-07-15,0,0,0,0,8,0,0,0,0,0,0,2,0,0,0,0,0,0
2023-07-16,1,0,0,0,10,0,0,0,0,0,0,0,0,0,0,0,0,0
2023-07-17,0,0,0,0,16,0,0,0,0,0,0,0,0,0,0,0,0,0
2023-07-18,0,0,0,0,13,0,0,0,0,0,0,3,0,0,0,0,0,0
2023-07-19,1,0,0,0,5,0,0,0,0,0,0,1,0,0,0,0,0,1
2023-07-20,0,0,1,0,10,0,0,0,0,0,0,0,0,0,0,0,0,0
2023-07-21,0,1,0,0,3,0,0,0,0,0,0,0,0,0,0,0,0,0
2023-07-22,0,0,0,0,5,0,0,0,0,0,0,0,0,0,0,0,0,0
2023-07-23,0,1,0,0,5,0,0,0,0,0,0,0,0,0,0,0,0,0
2023-07-24,2,0,0,0,5,0,0,0,0,0,0,0,0,0,0,0,0,0
2023-07-25,0,0,1,0,3,0,0,0,0,0,0,2,0,0,0,0,0,1
2023-07-26,0,1,0,0,9,0,0,0,0,0,0,1,0,0,0,0,0,0
2023-07-27,0,0,0,0,5,0,0,0,0,0,0,1,0,0,0,0,0,0
2023-07-28,1,0,0,0,4,0,0,0,0,0,0,0,0,0,0,0,0,0
2023-07-29,0,0,0,0,5,0,0,0,0,0,0,0,0,0,0,0,0,0
2023-07-30,1,1,0,0,3,0,0,0,0,0,0,4,0,0,0,0,0,0
2023-07-31,0,2,0,0,3,0,0,0,0,0,0,0,0,0,0,0,0,0
2023-08-01,8,1,1,0,1,0,0,0,0,0,0,1,0,0,0,0,0,0
2023-08-02,0,0,0,0,80,0,0,0,0,0,0,0,0,0,0,0,0,0
2023-08-03,5,0,0,0,41,0,0,0,0,0,0,0,0,0,0,0,0,0
2023-08-04,1,0,0,0,6,0,0,0,0,0,0,0,0,0,0,0,0,0
2023-08-05,0,0,0,0,7,0,0,0,0,0,0,1,0,0,0,0,0,0
2023-08-06,0,0,0,0,6,0,0,0,0,0,0,0,0,0,0,0,0,0
2023-08-07,0,0,0,0,43,0,0,1,0,0,0,1,0,0,0,0,0,0
2023-08-08,4,0,0,0,35,0,0,0,0,0,0,1,0,0,0,0,0,0
2023-08-09,2,2,0,0,10,0,0,0,0,0,0,0,0,0,0,0,0,0
2023-08-10,0,0,1,0,73,0,0,0,0,0,0,0,0,0,0,0,0,0
2023-08-11,1,0,0,0,38,0,0,0,0,0,0,0,0,0,0,0,0,0
2023-08-12,0,0,0,0,13,0,0,0,0,0,0,0,0,0,0,0,0,0
2023-08-13,0,0,0,0,7,0,0,0,0,0,0,1,0,0,0,0,0,0
2023-08-14,0,0,0,0,12,0,0,0,0,0,0,0,0,0,0,0,0,0
2023-08-15,7,2,0,0,7,0,0,0,0,0,0,0,0,0,0,0,0,0
2023-08-16,1,1,0,0,20,0,0,0,0,0,0,0,0,0,0,0,0,0
2023-08-17,2,0,0,0,9,0,0,0,2,0,0,0,0,0,0,0,0,0
2023-08-18,1,0,0,0,48,0,0,0,0,0,0,0,0,0,0,0,0,0
2023-08-19,0,0,0,0,20,0,0,0,0,0,0,0,0,0,0,0,0,0
2023-08-20,0,0,0,0,48,0,0,0,0,0,0,0,0,0,0,0,0,0
2023-08-21,0,0,0,0,55,0,0,0,0,0,0,1,0,0,0,0,0,0
2023-08-22,0,1,0,1,38,0,0,0,0,0,0,0,0,0,0,0,0,0
2023-08-23,0,0,0,0,16,0,0,1,0,0,0,1,0,0,0,0,0,0
2023-08-24,0,0,0,0,6,0,0,0,0,0,0,0,0,0,0,0,0,0
2023-08-25,1,0,0,0,13,0,0,1,0,0,0,1,0,0,0,0,0,0
2023-08-26,1,0,0,0,4,0,0,0,0,0,0,0,0,0,0,0,0,0
2023-08-27,0,0,0,0,10,0,0,0,1,0,0,1,0,0,0,0,0,0
2023-08-28,0,0,0,0,6,0,0,0,0,0,0,2,0,0,0,0,0,0
2023-08-29,2,2,0,0,4,0,0,0,0,0,0,0,0,0,0,0,0,0
2023-08-30,1,0,0,0,26,0,0,1,0,0,0,0,0,0,0,0,0,0
2023-08-31,6,1,0,0,12,0,0,0,0,0,0,0,0,0,0,0,0,0
2023-09-01,9,1,2,0,20,0,0,0,0,0,0,0,0,0,0,0,0,0
2023-09-02,0,0,0,0,11,0,0,0,0,0,0,0,0,0,0,0,0,0
2023-09-03,8,0,0,0,244,0,0,0,0,0,0,0,0,0,0,0,0,0
2023-09-04,1,0,1,0,156,0,0,0,0,0,0,0,0,0,0,0,0,0
2023-09-05,1,1,0,0,34,0,0,0,0,0,0,0,0,0,0,0,0,0
2023-09-06,1,0,0,0,13,0,0,0,0,0,0,0,0,0,0,0,0,0
2023-09-07,0,1,1,0,37,0,0,0,0,0,0,0,0,0,0,0,0,0
2023-09-08,0,0,0,0,17,0,0,0,0,0,0,0,0,0,0,0,0,0
2023-09-09,0,0,0,0,2,0,0,0,0,0,0,0,0,0,0,0,0,0
2023-09-10,1,0,0,0,4,0,0,0,0,0,0,0,0,0,0,0,0,0
2023-09-11,0,0,0,0,1,0,0,0,0,0,0,0,0,0,0,0,0,0
2023-09-12,0,0,2,0,1,0,0,0,0,0,0,0,0,0,0,0,0,0
2023-09-13,1,0,0,0,51,0,0,0,0,0,0,0,0,0,0,0,0,0
2023-09-14,0,0,0,0,14,0,0,0,0,0,0,0,0,0,0,0,0,0
2023-09-15,11,0,0,0,23,0,0,1,1,0,0,0,0,0,0,0,1,0
2023-09-16,28,0,0,0,66,0,0,0,0,0,0,3,0,0,0,0,0,0
2023-09-17,4,1,0,0,20,0,0,0,0,0,0,0,0,0,0,0,0,0
2023-09-18,2,1,0,0,107,0,0,2,2,0,0,1,0,0,0,0,0,0
2023-09-19,11,1,0,0,53,0,0,0,0,0,0,0,0,0,0,0,0,0
2023-09-20,3,0,0,0,160,0,0,0,0,0,0,2,0,0,0,0,0,0
2023-09-21,3,1,0,0,113,0,0,2,0,0,0,1,0,0,0,0,0,0
2023-09-22,1,0,0,0,42,0,0,0,0,0,0,0,0,0,0,0,1,0
2023-09-23,0,0,0,0,17,0,0,0,0,0,0,0,0,0,0,0,5,0
2023-09-24,0,0,0,0,15,0,0,0,0,0,0,0,0,0,0,0,0,0
2023-09-25,6,0,2,0,22,0,0,1,0,0,0,0,0,0,0,0,0,0
2023-09-26,3,0,0,0,15,0,0,0,0,0,0,0,0,0,0,0,1,0
2023-09-27,3,2,0,0,134,0,0,0,0,0,0,1,0,0,0,0,0,0
2023-09-28,2,0,0,0,31,0,0,0,0,0,0,0,0,0,0,0,1,0
2023-09-29,2,0,0,0,11,0,0,0,2,0,0,0,0,0,0,0,1,0
2023-09-30,0,0,0,0,5,0,0,0,0,0,0,0,0,0,0,0,1,0
2023-10-01,2,0,0,0,4,0,0,1,0,0,0,2,0,0,0,0,0,0
2023-10-02,13,2,0,0,39,0,0,0,0,0,0,0,0,0,0,0,0,0
2023-10-03,2,1,0,0,15,0,0,0,2,0,0,1,0,0,0,0,0,0
2023-10-04,0,0,0,0,4,0,0,0,0,0,0,0,0,0,0,0,0,1
2023-10-05,3,0,0,0,5,0,0,0,0,0,0,0,0,0,0,0,0,0
2023-10-06,0,0,0,0,7,0,0,1,0,0,0,1,0,0,0,0,0,0
2023-10-07,0,0,0,0,15,0,0,0,1,0,0,0,0,0,0,0,0,0
2023-10-08,0,0,0,0,2,0,0,0,0,0,0,0,0,0,0,0,0,0
2023-10-09,0,0,0,0,8,0,0,0,0,0,0,0,0,0,0,0,0,0
2023-10-10,0,0,0,0,7,0,0,1,1,0,0,1,0,0,0,0,0,0
2023-10-11,1,0,1,0,4,0,0,0,0,0,0,1,0,0,0,0,0,0
2023-10-12,6,0,0,0,10,0,0,0,1,0,0,0,0,0,0,0,0,0
2023-10-13,2,0,0,0,8,0,0,0,0,0,0,2,0,0,0,0,1,0
2023-10-14,0,0,0,0,15,0,0,0,0,0,0,0,0,0,0,0,0,0
2023-10-15,1,0,0,0,32,0,0,0,0,0,0,2,0,0,0,0,1,0
2023-10-16,0,0,0,0,13,0,0,0,0,0,0,0,0,0,0,0,0,0
2023-10-17,1,0,0,0,4,0,0,0,1,0,0,0,0,0,0,0,0,0
2023-10-18,2,0,0,0,1,0,0,0,0,0,0,1,0,0,0,0,0,0
2023-10-19,3,0,0,0,19,0,0,0,0,0,0,0,0,0,0,0,0,0
2023-10-20,0,0,0,0,9,0,0,0,1,0,0,0,0,0,0,0,0,0
2023-10-21,0,0,0,0,5,0,0,0,0,0,0,0,0,0,0,0,2,0
2023-10-22,1,0,0,0,4,0,0,0,0,0,0,1,0,0,0,0,0,0
2023-10-23,0,0,0,0,76,0,0,0,1,0,0,0,0,0,0,0,3,0
2023-10-24,5,0,0,0,46,0,0,0,0,0,0,1,0,0,0,0,0,0
2023-10-25,10,0,0,0,18,0,0,0,0,0,0,0,0,0,0,0,0,0
2023-10-26,0,1,0,0,13,0,0,0,0,0,0,1,0,0,0,0,0,0
2023-10-27,0,0,0,0,19,0,0,0,0,0,0,0,0,0,0,0,0,0
2023-10-28,1,0,0,0,5,0,0,0,0,0,0,0,0,0,0,0,0,0
2023-10-29,0,0,0,0,2,0,0,0,5,0,0,0,0,0,0,0,0,0
2023-10-30,0,0,1,0,2,0,0,0,0,0,0,0,0,0,0,0,0,0
2023-10-31,0,0,3,0,33,0,0,0,0,0,0,0,0,0,0,0,0,0
2023-11-01,1,1,0,0,33,0,0,0,1,0,0,1,0,0,0,0,0,0
2023-11-02,9,0,0,0,12,0,0,1,0,0,0,1,0,0,0,0,0,0
2023-11-03,9,0,0,0,17,0,0,0,0,0,0,1,0,0,0,0,0,0
2023-11-04,0,0,0,0,2,0,0,0,0,0,0,0,0,0,0,0,0,0
2023-11-05,0,0,0,0,2,0,0,0,0,0,0,0,0,0,0,0,0,0
2023-11-06,2,0,0,0,4,0,0,0,0,0,0,1,0,0,0,0,0,0
2023-11-07,3,0,0,0,85,0,0,0,0,0,0,1,0,0,0,0,1,0
2023-11-08,1,1,18,0,35,0,0,0,1,0,0,3,0,0,0,0,0,0
2023-11-09,10,0,0,0,11,0,0,0,0,0,0,1,0,0,0,0,0,0
2023-11-10,4,2,0,0,5,0,0,0,0,0,0,1,0,0,0,0,0,0
2023-11-11,0,0,0,0,16,0,0,0,0,0,0,0,0,0,0,0,0,0
2023-11-12,5,0,0,0,6,0,0,0,0,0,0,0,0,0,0,0,0,0
2023-11-13,1,0,0,0,23,0,0,0,0,0,0,0,0,0,0,0,0,0
2023-11-14,1,0,0,0,29,0,0,0,0,0,0,0,0,0,0,0,0,0
2023-11-15,1,0,0,0,50,0,0,0,0,0,0,0,0,0,0,0,0,0
2023-11-16,0,0,2,0,32,0,0,0,0,0,0,0,0,0,0,0,0,0
2023-11-17,0,0,0,0,36,0,0,0,0,0,0,1,0,0,0,0,1,0
2023-11-18,0,0,0,0,60,0,0,0,0,0,0,0,0,0,0,0,0,0
2023-11-19,2,0,0,0,16,0,0,0,0,0,0,0,0,0,0,0,0,0
2023-11-20,8,0,0,0,14,0,0,0,0,0,0,0,0,0,0,0,0,0
2023-11-21,5,1,0,0,17,0,0,0,0,0,0,1,0,0,0,0,0,0
2023-11-22,3,2,0,0,5,0,0,0,0,0,0,0,0,0,0,0,0,0
2023-11-23,0,0,1,0,7,0,0,0,0,0,0,0,0,0,0,0,0,0
2023-11-24,2,2,0,0,23,0,0,0,0,0,0,0,0,0,0,0,0,0
2023-11-25,2,0,0,0,16,0,0,1,0,0,0,0,0,0,0,0,0,0
2023-11-26,1,0,0,0,36,0,0,0,0,0,0,1,0,0,0,0,0,0
2023-11-27,0,0,0,0,37,0,0,0,0,0,0,0,0,0,0,0,0,0
2023-11-28,5,0,3,0,28,0,0,0,0,0,0,0,0,0,0,0,0,1
2023-11-29,2,0,0,0,21,0,0,0,0,0,0,0,0,0,0,0,0,0
2023-11-30,0,0,0,0,25,0,0,0,0,0,0,0,0,0,0,0,0,0
2023-12-01,0,2,0,0,22,0,0,0,1,0,0,0,0,0,0,0,0,1
2023-12-02,2,0,0,0,10,0,0,0,1,0,0,1,0,0,0,0,0,0
2023-12-03,4,0,0,0,7,0,0,0,0,0,0,1,0,0,0,0,0,0
2023-12-04,0,0,0,0,18,0,0,0,0,0,0,1,0,0,0,0,0,0
2023-12-05,5,0,0,0,13,0,0,0,0,0,0,0,0,0,0,0,0,0
2023-12-06,2,0,0,0,5,0,0,0,0,0,0,1,0,0,0,0,0,0
2023-12-07,9,0,0,0,8,0,0,0,0,0,0,0,0,0,0,0,0,0
2023-12-08,6,0,0,0,33,0,0,0,0,0,0,0,0,0,0,0,0,1
2023-12-09,4,0,0,0,13,0,0,0,0,0,0,2,0,0,0,0,0,0
2023-12-10,0,0,0,0,43,0,0,0,0,0,0,0,0,0,0,0,0,0
2023-12-11,1,0,0,0,36,0,0,0,1,0,0,0,0,0,0,0,0,0
2023-12-12,2,0,1,0,35,0,0,0,0,0,0,0,0,0,0,0,0,0
2023-12-13,6,0,0,0,10,0,0,0,3,0,0,2,0,0,0,0,0,0
2023-12-14,0,1,0,0,6,0,0,0,0,0,0,0,0,0,0,0,0,0
2023-12-15,7,0,0,0,1,0,0,0,0,0,0,0,0,0,0,0,0,0
2023-12-16,5,0,0,0,5,0,0,0,0,0,0,0,0,0,0,0,0,0
2023-12-17,5,0,0,0,20,0,0,0,0,0,0,0,0,0,0,0,0,0
2023-12-18,5,1,1,0,32,0,0,0,0,0,0,1,0,0,0,0,0,0
2023-12-19,2,1,0,0,46,0,0,0,0,0,0,0,0,0,0,0,0,0
2023-12-20,20,2,1,0,137,0,0,0,2,0,0,1,0,0,0,0,1,0
2023-12-21,9,0,0,0,117,0,0,0,1,0,0,2,0,0,0,0,2,0
2023-12-22,5,1,0,0,89,0,0,0,0,0,0,0,0,0,0,0,0,0
2023-12-23,0,0,0,0,578,0,0,1,0,0,0,3,0,0,0,0,0,0
2023-12-24,5,0,0,0,276,0,0,0,4,0,0,2,0,0,0,0,0,0
2023-12-25,0,0,0,0,47,0,0,0,0,0,0,1,0,0,0,0,0,0
2023-12-26,1,0,0,0,21,0,0,0,0,0,0,2,0,0,0,0,0,0
2023-12-27,0,0,1,0,60,0,0,0,0,0,0,1,0,0,0,0,0,0
2023-12-28,1,0,0,0,28,0,0,0,0,0,0,0,0,0,0,0,0,0
2023-12-29,7,0,0,0,18,0,0,0,0,0,0,1,0,0,0,0,0,0
2023-12-30,2,0,0,0,22,0,0,0,0,0,0,2,0,0,0,0,0,1
2023-12-31,6,0,2,0,16,0,0,0,0,0,0,3,0,0,0,0,0,0
2024-01-01,6,1,0,0,7,0,0,0,0,0,0,1,0,0,0,0,0,0
2024-01-02,1,0,0,0,53,0,0,0,0,0,0,0,0,0,0,0,0,0
2024-01-03,1,1,0,0,4,0,0,1,0,0,0,0,0,0,0,0,0,0
2024-01-04,11,0,0,0,4,0,0,0,0,0,0,0,0,0,0,0,0,0
2024-01-05,5,0,0,0,67,0,0,0,0,0,0,0,0,0,0,0,0,0
2024-01-06,0,0,0,0,46,0,0,0,0,0,0,1,0,0,0,0,1,0
2024-01-07,0,0,0,0,18,0,0,0,0,0,0,1,0,0,0,0,0,0
2024-01-08,5,1,0,0,21,0,0,0,0,0,0,0,0,0,0,0,0,0
2024-01-09,0,1,0,0,14,0,0,0,0,0,0,0,0,0,0,0,0,0
2024-01-10,1,1,0,0,13,0,0,0,0,0,0,0,0,0,0,0,0,0
2024-01-11,1,0,0,0,10,0,0,0,0,0,0,1,0,0,0,0,0,0
2024-01-12,1,0,6,0,49,0,0,0,0,0,0,0,0,0,0,0,0,0
2024-01-13,1,1,0,0,27,0,0,0,0,0,0,1,0,0,0,0,0,0
2024-01-14,5,0,0,0,16,0,0,0,0,0,0,4,0,0,0,0,0,0
2024-01-15,2,0,0,0,12,0,0,0,0,0,0,1,0,0,0,0,0,0
2024-01-16,1,2,0,0,31,0,0,0,1,0,0,0,0,0,0,0,0,0
2024-01-17,5,0,0,0,24,0,0,0,0,0,0,1,0,0,0,0,0,0
2024-01-18,29,0,0,0,54,0,0,0,0,0,0,0,0,0,0,0,0,1
2024-01-19,1,0,0,0,39,0,0,0,0,0,0,1,0,0,0,0,0,0
2024-01-20,4,0,0,0,13,0,0,0,0,0,0,0,0,0,0,0,0,0
2024-01-21,0,0,0,0,11,0,0,1,0,0,0,1,0,0,0,0,0,0
2024-01-22,4,2,0,0,19,0,0,0,1,0,0,0,0,0,0,0,0,0
2024-01-23,0,0,10,0,47,0,0,0,0,0,0,1,0,0,0,0,0,0
2024-01-24,1,0,0,0,27,0,0,0,0,0,0,0,0,0,0,0,0,1
2024-01-25,4,0,0,0,32,0,0,0,0,0,0,0,0,0,0,0,0,0
2024-01-26,2,0,0,0,23,0,0,0,0,0,0,0,0,0,0,0,1,0
2024-01-27,1,0,0,0,9,0,0,0,0,0,0,0,0,0,0,0,0,0
2024-01-28,0,0,0,0,8,0,0,0,0,0,0,0,0,0,0,0,0,0
2024-01-29,4,1,0,0,37,0,0,0,0,0,0,0,0,0,0,0,0,0
2024-01-30,9,4,0,1,71,0,0,1,1,0,0,0,0,0,0,0,0,0
2024-01-31,23,1,0,0,24,0,0,0,0,0,0,0,0,0,0,0,0,0
2024-02-01,0,1,0,0,17,0,0,0,0,0,0,1,0,0,0,0,0,0
2024-02-02,0,0,0,0,14,0,0,0,0,0,0,0,0,0,0,0,0,0
2024-02-03,1,0,0,0,8,0,0,0,0,0,0,0,0,0,0,0,0,0
2024-02-04,2,0,0,0,5,0,0,0,1,0,0,0,0,0,0,0,0,0
2024-02-05,0,1,0,0,15,0,0,0,0,0,0,0,0,0,0,0,0,0
2024-02-06,1,1,0,0,52,0,0,1,0,0,0,0,0,0,0,0,0,0
2024-02-07,1,0,0,0,79,0,0,0,0,0,0,0,0,0,0,0,0,0
2024-02-08,1,1,0,0,8,0,0,1,2,0,0,0,0,0,0,0,0,0
2024-02-09,0,0,0,0,47,0,0,0,0,0,0,0,0,0,0,0,0,0
2024-02-10,0,0,0,0,68,0,0,0,1,0,0,0,0,0,0,0,0,0
2024-02-11,0,0,0,0,15,0,0,0,0,0,0,0,0,0,0,0,0,0
2024-02-12,3,0,0,0,5,0,0,1,0,0,0,0,0,0,0,0,0,0
2024-02-13,5,1,0,0,41,0,0,1,0,0,0,1,0,0,0,0,0,0
2024-02-14,0,0,0,0,21,0,0,0,0,0,0,0,0,0,0,0,0,0
2024-02-15,20,0,0,0,4,0,0,0,1,0,0,0,0,0,0,0,0,0
2024-02-16,6,3,0,0,6,0,0,0,0,0,0,0,0,0,0,0,1,0
2024-02-17,0,0,0,0,5,0,0,0,0,0,0,0,0,0,0,0,0,0
2024-02-18,0,0,0,0,8,0,0,0,0,0,0,0,0,0,0,0,0,0
2024-02-19,24,5,0,0,26,0,0,0,3,0,0,0,0,0,0,0,0,0
2024-02-20,0,0,0,0,65,0,0,0,0,0,0,0,0,0,0,0,0,0
2024-02-21,2,1,0,0,52,0,0,0,0,0,0,0,0,0,0,0,0,0
2024-02-22,0,5,6,0,13,0,0,0,0,0,0,1,0,0,0,0,0,0
2024-02-23,0,0,0,0,6,0,0,0,1,0,0,0,0,0,0,0,0,0
2024-02-24,0,0,0,0,3,0,0,0,0,0,0,1,0,0,0,0,0,0
2024-02-25,1,0,0,0,0,0,0,0,0,0,0,0,0,0,0,0,0,0
2024-02-26,0,0,0,0,14,0,0,0,0,0,0,0,0,0,0,0,0,0
2024-02-27,1,1,0,0,8,0,0,0,0,0,0,0,0,0,0,0,0,0
2024-02-28,4,1,0,0,13,0,0,0,0,0,0,0,0,0,0,0,0,0
2024-02-29,17,2,0,0,14,0,0,0,0,0,0,0,0,0,0,0,0,0
2024-03-01,0,3,7,0,11,0,0,0,0,0,0,0,0,0,0,0,1,0
2024-03-02,0,0,0,0,4,0,0,0,0,0,0,0,0,0,0,0,0,0
2024-03-03,0,1,3,0,28,0,0,0,0,0,0,1,0,0,0,0,0,0
2024-03-04,1,1,3,0,6,0,0,0,0,0,0,1,0,0,0,0,0,0
2024-03-05,5,0,0,0,19,0,0,1,0,0,0,0,0,0,0,0,0,1
2024-03-06,2,1,0,0,21,0,0,1,0,0,0,0,0,0,0,0,0,0
2024-03-07,2,0,0,0,17,1,0,0,0,0,0,0,0,0,0,0,0,0
2024-03-08,0,0,0,0,61,0,0,0,0,0,0,0,0,0,0,0,0,0
2024-03-09,0,0,0,0,11,0,0,0,0,0,0,1,0,0,0,0,0,0
2024-03-10,1,0,0,0,4,0,0,0,1,0,0,0,0,0,0,0,0,0
2024-03-11,0,0,0,0,12,0,0,0,1,0,0,0,0,0,0,0,0,1
2024-03-12,2,1,0,0,13,0,0,0,0,0,0,0,0,0,0,0,0,0
2024-03-13,0,0,1,0,7,0,0,0,0,0,0,1,0,0,0,0,0,0
2024-03-14,6,0,0,0,12,0,0,0,0,0,0,0,0,0,0,0,0,0
2024-03-15,0,1,0,0,13,0,0,1,0,0,0,0,0,0,0,0,0,0
2024-03-16,0,0,0,0,6,0,0,0,3,0,0,0,0,0,0,0,0,0
2024-03-17,0,0,0,0,4,0,0,0,1,0,0,0,0,0,0,0,0,0
2024-03-18,21,0,0,0,6,0,0,0,0,0,0,1,0,0,0,0,0,0
2024-03-19,2,0,0,0,2,0,0,0,0,0,0,0,0,0,0,0,0,0
2024-03-20,3,0,0,0,6,0,0,0,0,0,0,0,0,0,0,0,0,0
2024-03-21,1,0,0,0,31,0,0,0,0,0,0,0,0,0,0,0,0,0
2024-03-22,6,2,0,0,23,0,0,0,1,0,0,3,0,0,0,0,0,0
2024-03-23,3,0,0,0,28,0,0,0,0,0,0,0,0,0,0,0,1,0
2024-03-24,0,0,0,0,43,0,0,0,0,0,0,1,0,0,0,0,0,0
2024-03-25,1,0,0,0,35,0,0,0,0,0,0,0,0,0,0,0,0,0
2024-03-26,0,0,0,0,22,0,0,0,0,0,0,0,0,0,0,0,0,0
2024-03-27,0,0,0,0,57,0,0,0,0,0,0,2,0,0,0,0,0,0
2024-03-28,6,1,0,0,5,0,0,0,0,0,0,1,0,0,0,0,0,0
2024-03-29,0,0,0,0,21,0,0,0,0,0,0,1,0,0,0,0,2,0
2024-03-30,0,0,0,0,18,0,0,0,1,0,0,0,0,0,0,0,0,0
2024-03-31,0,0,0,0,2,0,0,0,0,0,0,0,0,0,0,0,0,0
2024-04-01,1,0,0,0,52,0,0,0,1,0,0,0,0,0,0,0,0,1
2024-04-02,0,1,0,0,22,0,0,0,0,0,0,0,0,0,0,0,0,0
2024-04-03,1,0,0,0,8,0,0,0,0,0,0,0,0,0,0,1,0,0
2024-04-04,2,1,0,0,9,0,0,0,0,0,0,2,0,0,0,0,0,0
2024-04-05,0,0,0,0,11,0,0,0,0,0,0,0,0,0,0,0,0,1
2024-04-06,0,0,0,0,23,0,0,0,0,0,0,1,0,0,0,0,0,0
2024-04-07,1,0,0,0,4,0,0,0,0,0,0,0,0,0,0,0,0,0
2024-04-08,0,0,0,0,8,0,0,0,0,0,0,0,0,0,0,0,0,0
2024-04-09,5,0,0,0,2,0,0,0,0,0,0,1,0,0,0,0,0,0
2024-04-10,0,0,0,0,2,0,0,0,0,0,0,0,0,0,0,0,0,1
2024-04-11,1,0,1,0,8,0,0,0,0,0,0,0,0,0,0,0,0,0
2024-04-12,0,0,0,0,9,0,0,0,2,0,0,0,0,0,0,0,0,0
2024-04-13,0,0,0,0,8,0,0,0,1,0,0,0,0,0,0,0,0,0
2024-04-14,1,1,0,0,9,0,0,0,0,0,0,0,0,0,0,0,0,0
2024-04-15,0,0,0,0,4,0,0,0,0,0,0,1,0,0,0,0,0,0
2024-04-16,2,0,0,0,103,0,0,0,0,0,0,0,0,0,0,0,0,0
2024-04-17,0,0,0,0,240,0,0,0,0,0,0,1,0,0,0,0,0,0
2024-04-18,1,2,0,0,95,0,0,0,0,0,0,0,0,0,0,0,0,1
2024-04-19,1,2,0,0,14,0,0,0,0,0,0,1,0,0,0,0,0,0
2024-04-20,0,0,0,0,5,0,0,0,0,0,0,2,0,0,0,0,0,0
2024-04-21,0,0,0,0,2,0,0,0,0,0,0,1,0,0,0,0,0,0
2024-04-22,0,0,0,0,18,0,0,0,0,0,0,0,0,0,0,0,0,0
2024-04-23,2,0,0,0,27,0,0,0,0,0,0,0,0,0,0,0,0,0
2024-04-24,19,1,0,0,38,0,0,0,0,0,0,0,0,0,0,0,0,0
2024-04-25,3,0,0,0,26,1,0,0,0,0,0,0,0,0,0,0,0,0
2024-04-26,1,0,3,0,13,0,0,0,0,0,0,5,0,0,0,0,0,0
2024-04-27,28,1,0,0,12,0,0,0,0,0,0,1,0,0,0,0,0,0
2024-04-28,2,0,0,0,8,0,0,0,0,0,0,0,0,0,0,0,0,0
2024-04-29,0,1,0,0,9,0,0,0,0,0,0,0,0,0,0,0,0,0
2024-04-30,1,0,0,0,10,0,0,0,0,0,0,2,0,0,0,0,0,0
2024-05-01,0,3,0,0,21,0,0,0,0,0,0,1,0,0,0,0,0,0
2024-05-02,3,1,0,0,37,0,0,0,0,0,0,0,0,0,0,0,0,0
2024-05-03,0,0,0,0,28,0,0,0,0,0,0,0,0,0,0,0,0,0
2024-05-04,1,0,0,0,3,0,0,0,0,0,0,0,0,0,0,0,0,0
2024-05-05,4,0,0,0,1,0,0,0,0,0,0,0,0,0,0,0,0,0
2024-05-06,0,0,0,0,3,0,0,0,0,0,0,0,0,0,0,0,0,0
2024-05-07,8,0,0,0,10,0,0,1,1,0,0,5,0,0,0,0,0,0
2024-05-08,7,1,0,0,10,0,0,2,0,0,0,0,0,0,0,0,0,0
2024-05-09,2,2,0,0,20,0,0,0,0,0,0,0,0,0,0,0,0,0
2024-05-10,1,0,0,0,12,0,0,0,1,0,0,1,0,0,0,0,0,0
2024-05-11,1,1,0,0,4,0,0,0,0,0,0,1,0,0,0,0,0,0
2024-05-12,1,0,0,0,0,0,0,1,0,0,0,0,0,0,0,0,0,0
2024-05-13,1,0,1,0,8,0,0,0,0,0,0,0,0,0,0,0,0,0
2024-05-14,1,1,0,0,5,0,0,1,0,0,0,0,0,0,0,0,0,0
2024-05-15,0,1,0,0,3,0,0,0,0,0,0,1,0,0,0,0,0,0
2024-05-16,0,1,0,0,8,0,0,0,3,0,0,0,0,0,0,0,0,0
2024-05-17,1,1,0,0,2,0,0,0,0,0,0,0,0,0,0,0,0,0
2024-05-19,0,0,0,0,1,0,0,0,0,0,0,3,0,0,0,0,0,0
2024-05-20,0,0,0,0,3,0,0,0,0,0,0,1,0,0,0,0,0,0
2024-05-21,8,0,2,0,4,0,0,0,0,0,0,1,0,0,0,0,0,0
2024-05-22,1,0,0,0,2,0,0,0,0,0,0,2,0,0,0,0,0,0
2024-05-23,2,0,0,0,20,0,0,0,0,0,0,0,0,0,0,0,0,0
2024-05-24,1,0,0,0,17,0,0,0,0,0,0,0,0,0,0,0,0,0
2024-05-25,0,0,0,0,5,0,0,0,0,0,0,2,0,0,0,0,0,0
2024-05-26,0,1,0,0,4,0,0,0,0,0,0,1,0,0,0,0,0,0
2024-05-27,1,0,0,0,5,0,0,1,0,0,0,1,0,0,0,0,0,0
2024-05-28,16,0,0,0,9,0,0,1,0,0,0,1,0,0,0,0,0,0
2024-05-29,2,0,0,0,8,0,0,0,0,0,0,1,0,0,0,0,0,0
2024-05-30,13,1,14,0,48,0,0,0,0,0,0,0,0,0,0,0,0,0
2024-05-31,2,0,1,0,62,0,0,0,0,0,0,0,0,0,0,0,0,0
2024-06-01,1,0,0,0,8,0,0,1,0,0,0,1,0,0,0,0,1,0
2024-06-02,1,1,0,0,13,0,0,0,0,0,0,0,0,0,0,0,0,0
2024-06-03,0,0,0,0,7,0,0,0,0,0,0,1,0,0,0,0,0,0
2024-06-04,1,0,0,0,18,0,0,0,0,0,0,0,0,0,0,0,0,0
2024-06-05,11,1,0,0,163,0,0,1,0,0,0,0,0,0,0,0,1,1
2024-06-06,9,1,0,0,163,0,0,3,0,0,0,1,0,0,0,0,2,0
2024-06-07,4,5,0,0,217,0,0,1,0,0,0,0,0,0,0,0,1,2
2024-06-08,3,0,0,0,65,0,0,0,1,0,0,1,0,0,0,0,0,0
2024-06-09,2,0,0,0,36,0,0,0,0,0,0,1,0,0,0,0,0,0
2024-06-10,6,0,0,0,196,0,0,1,0,0,0,2,0,0,0,0,0,0
2024-06-11,2,1,0,0,75,0,0,0,0,0,0,0,0,0,0,0,0,0
2024-06-12,0,2,0,0,31,0,0,0,0,0,0,0,0,0,0,0,0,0
2024-06-13,2,2,0,0,12,0,0,0,0,0,0,0,0,0,0,0,0,0
2024-06-14,2,0,0,0,4,0,0,0,0,0,0,0,0,0,0,0,0,0
2024-06-15,2,0,0,0,7,0,0,0,0,0,0,0,0,0,0,0,0,2
2024-06-16,0,0,0,0,5,0,0,0,0,0,0,2,0,0,0,0,0,0
2024-06-17,1,0,0,0,14,0,0,0,0,0,0,0,0,0,0,0,0,0
2024-06-18,3,1,0,0,8,0,0,1,0,0,0,1,0,0,0,0,0,0
2024-06-19,7,0,0,0,1,0,0,0,0,0,0,0,0,0,0,0,0,0
2024-06-20,4,0,0,0,9,0,0,0,0,0,0,0,0,0,0,0,0,0
2024-06-21,1,0,0,0,35,0,0,0,0,0,0,0,0,0,0,0,0,0
2024-06-22,0,1,0,0,25,0,0,0,0,0,0,1,0,0,0,0,0,0
2024-06-23,1,0,0,0,16,0,0,0,0,0,0,0,0,0,0,0,0,0
2024-06-24,11,0,0,0,13,0,0,1,1,0,0,0,0,0,0,0,0,0
2024-06-25,7,0,0,0,3,0,0,0,0,0,0,0,0,0,0,0,0,0
2024-06-26,0,0,12,0,53,0,0,0,0,0,0,1,0,0,0,0,0,0
2024-06-27,1,1,17,0,29,0,0,0,1,0,0,0,0,0,0,0,0,0
2024-06-28,0,0,0,0,7,0,0,0,0,0,0,2,0,0,0,0,0,0
2024-06-29,2,0,0,0,5,0,0,0,0,0,0,2,0,0,0,0,0,0
2024-06-30,9,0,0,0,10,0,0,0,0,0,0,0,0,0,0,0,0,0
2024-07-01,2,3,0,0,8,0,0,0,0,0,0,0,0,0,0,0,0,0
2024-07-02,0,0,0,0,4,0,0,0,0,0,0,1,0,0,0,0,0,0
2024-07-03,1,0,0,0,6,0,0,0,0,0,0,0,0,0,0,0,0,0
2024-07-04,0,0,0,0,8,0,0,0,0,0,0,0,0,0,0,0,0,0
2024-07-05,1,0,0,0,5,0,0,0,0,0,0,0,0,0,0,0,0,0
2024-07-06,0,0,0,0,2,0,0,0,0,0,0,0,0,0,0,0,0,0
2024-07-07,2,2,0,0,3,0,0,0,0,0,0,0,0,0,0,0,0,0
2024-07-08,0,0,0,0,3,0,0,0,0,0,0,0,0,0,0,0,0,0
2024-07-09,0,0,2,0,12,0,0,0,0,0,0,0,0,0,0,0,0,0
2024-07-10,0,0,0,0,33,0,0,0,0,0,0,2,0,0,0,0,0,0
2024-07-11,2,2,0,0,21,0,0,0,0,0,0,1,0,0,0,0,0,0
2024-07-12,0,1,0,0,9,0,0,0,0,0,0,0,0,0,0,0,0,0
2024-07-13,0,0,0,0,4,0,0,0,1,0,0,1,0,0,0,0,0,0
2024-07-14,2,0,0,0,4,0,0,0,0,0,0,1,0,0,0,0,0,0
2024-07-15,219,2,0,0,5,0,0,0,0,0,0,0,0,0,0,0,0,0
2024-07-16,11,0,0,0,3,0,0,1,0,0,0,0,0,0,0,0,0,0
2024-07-17,11,0,7,0,5,0,0,1,0,0,0,0,0,0,0,0,0,0
2024-07-18,22,2,0,0,1,0,0,0,0,0,0,0,0,0,0,0,0,0
2024-07-19,0,0,0,0,27,0,0,0,0,0,0,0,0,0,0,0,1,0
2024-07-20,0,0,0,0,7,0,0,0,0,0,0,0,0,0,0,0,0,0
2024-07-21,2,0,0,0,3,0,0,0,0,0,0,1,0,0,0,0,0,0
2024-07-22,2,0,0,0,7,0,0,0,0,0,0,0,0,0,0,0,0,1
2024-07-23,1,0,0,0,36,0,0,2,0,0,0,2,0,0,0,0,0,0
2024-07-24,5,0,0,0,17,0,0,0,0,0,0,0,0,0,0,0,0,0
2024-07-25,2,0,0,0,6,0,0,0,0,0,0,1,0,0,0,0,0,1
2024-07-26,11,0,0,0,0,0,0,0,0,0,0,0,0,0,0,0,0,0
2024-07-27,0,0,0,0,7,0,0,0,0,0,0,0,0,0,0,0,0,1
2024-07-28,0,0,0,0,9,0,0,0,1,0,0,0,0,0,0,0,0,0
2024-07-29,0,0,1,0,2,0,0,0,0,0,0,0,0,0,0,0,0,0
2024-07-30,20,0,0,0,4,0,0,0,0,0,0,1,0,0,0,0,0,0
2024-07-31,0,0,0,0,2,0,0,1,0,0,0,1,0,0,0,0,0,0
2024-08-01,2,1,0,0,2,0,0,0,0,0,0,1,0,0,0,0,0,0
2024-08-02,1,12,0,0,5,0,0,0,1,0,0,1,0,0,0,0,0,0
2024-08-03,0,0,0,0,1,0,0,0,0,0,0,0,0,0,0,0,0,0
2024-08-04,0,0,0,0,2,0,0,0,0,0,0,0,0,0,0,0,0,0
2024-08-05,4,2,0,0,1,0,0,0,0,0,0,0,0,0,0,0,0,0
2024-08-06,19,0,0,0,24,0,0,0,0,0,0,1,0,0,0,0,0,0
2024-08-07,7,0,0,0,19,0,0,0,0,0,0,0,0,0,0,0,0,0
2024-08-08,2,0,0,0,25,0,0,0,0,0,0,1,0,0,0,0,0,0
2024-08-09,0,0,0,0,20,0,0,0,0,0,0,0,0,0,0,0,0,0
2024-08-10,1,0,0,0,7,0,0,0,0,0,0,1,0,0,0,0,0,0
2024-08-11,0,0,0,0,1,0,0,0,0,0,0,1,0,0,0,0,0,0
2024-08-12,1,0,0,0,3,0,0,0,0,0,0,0,0,0,0,0,0,0
2024-08-13,1,0,1,0,59,0,0,0,0,0,0,0,0,0,0,0,0,1
2024-08-14,2,0,0,0,16,0,0,0,1,0,0,0,0,0,0,0,0,0
2024-08-15,4,2,0,0,34,0,0,0,1,0,0,9,0,0,0,0,0,0
2024-08-16,0,1,0,0,15,0,0,1,0,0,0,8,0,0,0,0,0,0
2024-08-17,1,0,0,0,2,0,0,1,0,0,0,3,0,0,0,0,0,0
2024-08-18,0,0,0,0,2,0,0,0,0,0,0,1,0,0,0,0,0,0
2024-08-19,0,0,2,0,16,0,0,0,0,0,0,3,0,0,0,0,0,0
2024-08-20,1,1,0,0,9,0,0,0,0,0,0,5,0,0,0,0,0,0
2024-08-21,0,0,1,1,4,0,0,1,0,0,0,0,0,0,0,0,0,0
2024-08-22,4,0,0,0,1,0,0,0,0,0,0,1,0,0,0,0,0,0
2024-08-23,0,0,0,0,0,0,0,0,0,0,0,1,0,0,0,0,0,0
2024-08-24,0,0,0,0,7,0,0,0,0,0,0,0,0,0,0,0,0,0
2024-08-25,0,1,0,0,2,0,0,0,0,0,0,0,0,0,0,0,0,0
2024-08-26,2,0,0,0,3,0,0,0,1,0,0,0,0,0,0,0,0,0
2024-08-27,0,0,0,0,12,0,0,0,0,0,0,0,0,0,0,0,0,0
2024-08-28,0,0,0,0,3,0,0,0,0,0,0,0,0,0,0,0,0,0
2024-08-29,0,1,0,0,7,0,0,0,0,0,0,1,0,0,0,0,0,0
2024-08-30,0,0,0,0,7,0,0,0,0,0,0,0,0,0,0,0,0,0
2024-08-31,0,1,0,0,14,0,0,0,0,0,0,0,0,0,0,0,0,0
2024-09-01,1,0,0,0,5,0,0,0,0,0,0,1,0,0,0,0,0,0
2024-09-02,1,0,0,0,8,0,0,0,0,0,0,1,0,0,0,0,0,0
2024-09-03,0,1,0,0,7,0,0,0,3,0,0,0,0,0,0,0,0,0
2024-09-04,6,0,0,0,4,0,0,1,0,0,0,0,0,0,0,0,0,0
2024-09-05,1,0,0,0,5,0,0,0,4,0,0,0,0,0,0,0,0,0
2024-09-06,0,0,0,0,2,0,0,0,0,0,0,0,0,0,0,0,0,0
2024-09-08,0,0,0,0,3,0,0,0,0,0,0,0,0,0,0,0,0,0
2024-09-09,0,0,2,0,2,0,0,0,0,0,0,0,0,0,0,0,0,0
2024-09-10,0,0,0,0,4,0,0,0,0,0,0,1,0,0,0,0,0,0
2024-09-11,7,0,0,0,10,0,0,0,0,0,0,0,0,0,0,0,0,0
2024-09-12,8,0,0,0,9,0,0,0,0,0,0,1,0,0,0,0,0,0
2024-09-13,8,0,0,0,16,0,0,0,0,0,0,2,0,0,0,0,0,0
2024-09-14,3,0,7,0,6,0,0,0,1,0,0,0,0,0,0,0,0,0
2024-09-15,1,0,0,0,19,0,0,0,0,0,0,0,0,0,0,0,0,0
2024-09-16,1,0,0,0,16,0,0,0,1,0,0,1,0,0,0,0,0,0
2024-09-17,3,0,0,0,17,0,0,0,0,0,0,0,0,0,0,0,0,0
2024-09-18,0,2,0,0,23,0,0,0,0,0,0,0,0,0,0,0,0,0
2024-09-19,0,0,0,0,16,0,0,0,0,0,0,0,0,0,0,0,0,0
2024-09-20,1,1,0,0,3,0,0,0,0,0,0,1,0,0,0,0,0,0
2024-09-21,1,0,0,0,6,0,0,0,0,0,0,1,0,0,0,0,0,1
2024-09-22,2,1,0,0,1,0,0,0,0,0,0,0,0,0,0,0,0,0
2024-09-23,1,7,2,0,3,0,0,0,0,0,0,0,0,0,0,0,0,0
2024-09-24,0,0,1,0,8,0,0,0,1,0,0,1,0,0,0,0,0,0
2024-09-25,0,0,0,0,8,0,0,0,0,0,0,1,0,0,0,0,0,0
2024-09-26,0,0,0,0,3,0,0,0,0,0,0,0,0,0,0,0,0,0
2024-09-27,0,0,0,0,3,0,0,0,0,0,0,0,0,0,0,0,0,0
2024-09-28,0,0,0,0,2,0,0,0,0,0,0,0,0,0,0,0,0,0
2024-09-29,2,0,0,0,3,0,0,0,0,0,0,0,0,0,0,0,0,0
2024-09-30,90,0,10,0,46,0,0,0,0,0,0,2,0,0,0,0,0,0
2024-10-01,9,3,1,0,23,0,0,0,0,0,0,0,0,0,0,0,0,0
2024-10-02,12,0,0,0,133,0,0,0,0,0,0,0,0,0,0,0,0,0
2024-10-03,5,2,0,0,155,0,0,0,0,0,0,0,0,0,0,0,1,0
2024-10-04,91,4,0,0,120,0,0,0,0,0,0,2,0,0,0,0,1,1
2024-10-05,0,0,0,0,15,0,0,1,0,0,0,2,0,0,0,0,0,0
2024-10-06,3,0,0,0,27,0,0,0,0,0,0,3,0,0,0,0,0,0
2024-10-07,10,1,0,0,20,0,0,0,0,0,0,1,0,0,0,0,0,0
2024-10-08,48,9,0,0,21,0,0,0,0,0,0,0,0,0,0,0,0,0
2024-10-09,8,1,0,0,36,0,0,0,0,0,0,1,0,0,0,0,0,0
2024-10-10,34,0,0,0,13,0,0,1,0,0,0,0,0,0,0,0,0,0
2024-10-11,1,0,0,0,36,0,0,0,1,0,0,0,0,0,0,0,0,0
2024-10-12,2,8,0,0,8,0,0,0,3,0,0,0,0,0,0,0,0,0
2024-10-13,0,0,0,0,15,0,0,0,0,0,0,0,0,0,0,0,0,0
2024-10-14,2,0,0,0,12,0,0,0,1,0,0,1,0,0,0,0,0,0
2024-10-15,0,0,0,0,5,0,0,0,0,0,0,1,0,0,0,1,0,0
2024-10-16,0,0,0,0,9,0,0,0,0,0,0,4,0,0,0,0,0,0
2024-10-17,2,0,0,0,5,0,0,0,0,0,0,2,0,0,0,0,0,0
2024-10-18,43,0,2,0,11,0,0,0,0,0,0,0,0,0,0,0,0,0
2024-10-19,1,0,0,0,26,0,0,0,0,0,0,0,0,0,0,0,0,0
2024-10-20,1,1,0,0,4,0,0,0,0,0,0,0,0,0,0,0,0,0
2024-10-21,13,1,0,0,14,0,0,1,0,0,0,1,0,0,0,0,0,0
2024-10-22,4,0,0,0,14,0,0,0,0,0,0,1,0,0,0,0,0,0
2024-10-23,8,2,2,0,9,0,0,0,0,0,0,0,0,0,0,0,0,0
2024-10-24,7,1,0,0,15,0,0,0,0,0,0,0,0,0,0,0,3,0
2024-10-25,4,1,0,0,7,0,0,0,0,0,0,1,0,0,0,0,0,0
2024-10-27,0,0,0,0,3,0,0,0,2,0,0,1,0,0,0,0,0,0
2024-10-28,3,1,0,0,5,0,0,0,1,0,0,2,0,0,0,0,0,0
2024-10-29,14,0,0,0,2,0,0,0,0,0,0,1,0,0,0,0,4,0
2024-10-30,28,3,3,0,3,0,0,0,0,0,0,1,0,0,0,0,1,0
2024-10-31,4,1,0,0,5,0,0,0,0,0,0,1,0,0,0,0,0,0
2024-11-01,0,2,0,0,1,0,0,0,0,0,0,0,0,0,0,0,0,0
2024-11-02,0,0,0,0,3,0,0,0,0,0,0,1,0,0,0,0,0,0
2024-11-03,7,0,0,0,3,0,0,0,0,0,0,3,0,0,0,0,0,0
2024-11-04,11,2,0,0,10,0,0,0,0,0,0,0,0,0,0,0,1,0
2024-11-05,13,1,0,0,6,0,0,0,0,0,0,1,0,0,0,0,1,0
2024-11-06,26,0,0,0,1,0,0,0,0,0,0,2,0,0,0,0,1,0
2024-11-07,1,0,0,0,4,0,0,0,1,0,0,0,0,0,0,0,1,0
2024-11-08,0,0,1,0,13,0,0,0,0,0,0,0,0,0,0,0,5,0
2024-11-09,0,0,0,0,2,0,0,0,0,0,0,3,0,0,0,0,0,0
2024-11-10,0,0,0,0,1,0,0,0,0,0,0,2,0,0,0,0,1,0
2024-11-11,5,1,0,0,1,0,0,1,0,0,0,1,0,0,0,0,1,0
2024-11-12,2,2,2,0,7,0,0,0,0,0,0,1,0,0,0,0,5,0
2024-11-13,1,1,2,0,18,0,0,0,0,0,0,1,0,0,0,0,9,0
2024-11-14,3,1,0,0,33,0,0,0,0,0,0,1,0,0,0,0,6,1
2024-11-15,0,0,1,0,47,0,0,0,1,0,0,1,0,0,0,0,37,0
2024-11-16,4,0,0,0,9,1,0,0,0,0,0,2,0,0,0,0,7,0
2024-11-17,5,0,0,0,4,1,0,0,0,0,0,0,0,0,0,0,16,0
2024-11-18,3,1,0,0,25,0,0,0,0,0,0,1,0,0,0,0,27,0
2024-11-19,6,0,0,0,20,0,0,1,0,0,0,0,0,0,0,0,18,0
2024-11-20,4,0,0,0,25,0,0,0,0,0,0,1,0,0,0,0,12,0
2024-11-21,13,1,0,0,3,0,0,0,0,0,0,1,0,0,0,0,18,0
2024-11-22,4,0,1,0,5,0,0,0,0,0,0,5,0,0,0,0,16,0
2024-11-23,4,0,0,0,2,0,0,0,1,0,0,0,0,0,0,0,14,0
2024-11-24,0,0,0,0,2,0,0,0,0,0,0,0,0,0,0,0,6,1
2024-11-25,6,0,0,0,11,0,0,0,0,0,0,0,0,0,0,0,4,0
2024-11-26,2,1,0,0,2,0,0,0,0,0,0,1,0,0,0,0,32,0
2024-11-27,3,0,0,0,1,0,0,0,0,0,0,1,0,0,0,0,21,0
2024-11-28,11,2,0,0,12,0,0,0,0,0,0,3,0,0,0,0,74,0
2024-11-29,11,1,0,0,161,0,0,0,0,0,0,1,0,0,0,0,1015,0
2024-11-30,2,0,0,0,59,0,0,0,0,0,0,0,0,0,0,0,243,0
2024-12-01,3,4,0,0,18,0,0,0,0,0,0,0,0,0,0,0,61,0
2024-12-02,5,1,0,0,33,0,0,0,0,0,0,1,0,0,0,0,152,0
2024-12-03,7,3,0,0,18,0,0,1,0,0,0,0,0,0,0,0,147,0
2024-12-04,3,0,0,0,27,0,0,2,2,0,0,1,0,0,0,0,32,0
2024-12-05,1,2,1,0,99,0,0,0,0,0,0,0,0,0,0,0,143,0
2024-12-06,1,1,0,0,22,0,0,0,0,0,0,0,0,0,0,0,52,0
2024-12-07,1,0,0,0,7,0,0,0,3,0,0,2,0,0,0,0,40,0
2024-12-08,2,0,0,0,0,0,0,1,0,0,0,0,0,0,0,0,24,0
2024-12-09,0,0,0,0,5,1,0,1,0,0,0,0,0,0,0,0,38,0
2024-12-10,1,1,1,0,1,0,0,1,1,0,0,0,0,0,0,0,8,0
2024-12-11,5,0,0,0,7,0,0,0,0,0,0,0,0,0,0,0,9,0
2024-12-12,3,1,0,0,2,0,0,0,0,0,0,2,0,0,0,0,4,0
2024-12-13,0,0,1,0,9,0,0,0,0,0,0,1,0,0,0,0,3,0
2024-12-14,0,0,0,0,9,0,0,0,0,0,0,0,0,0,0,0,10,0
2024-12-15,0,0,0,0,5,0,0,0,1,0,0,1,0,0,0,0,7,0
2024-12-16,1,1,0,0,60,0,0,0,7,0,0,0,0,0,0,0,139,0
2024-12-17,5,0,0,0,24,0,0,0,2,0,0,5,0,0,0,0,46,0
2024-12-18,5,0,0,0,17,0,0,0,1,0,0,0,0,0,0,0,19,0
2024-12-19,27,0,0,0,7,0,0,0,2,0,0,0,0,0,0,0,27,0
2024-12-20,0,2,0,0,1,0,0,0,5,0,0,0,0,0,0,0,9,0
2024-12-21,0,0,0,0,0,0,0,0,1,0,0,0,0,0,0,0,3,0
2024-12-22,2,0,0,0,4,0,0,0,0,0,0,2,0,0,0,0,2,0
2024-12-23,0,0,0,0,4,0,0,0,0,0,0,0,0,0,0,0,2,0
2024-12-24,0,0,0,0,2,1,0,0,0,0,0,0,0,0,0,0,21,0
2024-12-25,3,0,0,0,3,0,0,1,0,0,0,2,0,0,0,0,4,0
2024-12-26,2,0,0,0,5,0,0,0,1,0,0,0,0,0,0,0,77,0
2024-12-27,0,1,0,0,5,0,0,0,1,0,0,3,0,0,0,0,75,0
2024-12-28,0,0,0,0,17,0,0,0,2,0,0,1,0,0,0,0,5,0
2024-12-29,0,0,0,0,4,0,0,0,0,0,0,0,0,0,0,0,13,0
2024-12-30,5,0,0,0,0,0,0,0,1,0,0,2,0,0,0,0,17,0
2024-12-31,0,0,0,0,0,0,0,0,0,0,0,0,0,0,0,0,6,0
2025-01-01,0,1,0,0,2,0,0,0,0,0,0,0,0,0,0,0,3,0
2025-01-02,2,1,0,0,21,0,0,0,0,0,0,0,0,0,0,0,19,0
2025-01-03,1,0,0,0,6,0,0,0,0,0,0,2,0,0,0,0,14,0
2025-01-04,0,0,0,0,4,0,0,0,0,0,0,2,0,0,0,0,28,0
2025-01-05,1,0,0,0,1,0,0,1,0,0,0,0,0,0,0,0,8,0
2025-01-06,3,0,0,0,2,0,0,0,0,0,0,2,0,0,0,0,5,0
2025-01-07,4,1,0,0,15,0,0,0,0,0,0,4,0,0,0,0,884,0
2025-01-08,10,2,0,0,26,0,0,0,0,0,0,1,0,0,0,0,407,0
2025-01-09,4,1,0,0,44,0,0,0,0,0,0,2,0,0,0,0,78,1
2025-01-10,8,0,0,0,20,0,0,0,1,0,0,0,0,0,0,0,31,0
2025-01-11,2,0,0,0,11,0,0,0,0,0,0,2,0,0,0,0,43,0
2025-01-12,3,0,0,0,4,0,0,0,0,0,0,0,0,0,0,0,124,0
2025-01-13,6,0,0,0,29,0,0,0,0,0,0,1,0,0,0,0,25,0
2025-01-14,10,2,0,0,39,0,0,0,1,0,0,0,0,0,0,0,372,1
2025-01-15,15,1,0,0,201,0,0,2,0,0,0,1,0,0,0,0,1268,0
2025-01-16,2,2,0,0,74,0,0,1,0,0,0,1,0,0,0,0,1907,0
2025-01-17,18,0,0,0,28,0,0,0,3,0,0,0,0,0,0,0,517,0
2025-01-18,5,0,0,0,152,0,0,0,0,0,0,1,0,0,0,0,144,1
2025-01-19,4,0,0,0,41,0,0,0,0,0,0,2,0,0,0,0,108,0
2025-01-20,6,10,0,0,28,0,0,0,0,0,0,4,0,0,0,0,522,0
2025-01-21,14,2,0,0,22,0,0,0,0,0,0,2,0,0,0,0,237,0
2025-01-22,2,0,9,0,132,0,0,0,0,0,0,3,0,0,0,0,112,0
2025-01-23,1,0,0,0,173,0,0,0,0,0,0,4,0,0,0,0,100,0
2025-01-24,39,0,1,0,26,0,0,0,0,0,0,1,0,0,0,0,39,0
2025-01-25,4,1,0,0,16,0,0,0,0,0,0,3,0,0,0,0,67,0
2025-01-26,1,0,0,0,16,0,0,0,0,0,0,1,0,0,0,0,31,0
2025-01-27,6,1,0,0,17,0,0,0,0,0,0,2,0,0,0,0,12,0
2025-01-28,1,0,0,0,33,0,0,0,0,0,0,4,0,0,0,0,26,1
2025-01-29,1,0,0,0,6,0,0,0,0,0,0,4,0,0,0,0,7,1
2025-01-30,4,0,0,0,10,0,0,0,0,0,0,3,0,0,0,0,19,0
2025-01-31,2,0,0,0,4,0,0,0,2,0,0,2,0,0,0,0,30,0
2025-02-01,3,3,0,0,1,0,0,0,0,0,0,0,0,0,0,0,3,0
2025-02-02,0,0,0,0,7,0,0,0,0,0,0,0,0,0,0,0,17,0
2025-02-03,2,1,12,0,2,0,0,0,0,0,0,1,0,0,0,0,9,0
2025-02-04,10,0,0,0,22,0,0,0,1,0,0,2,0,0,0,0,25,0
2025-02-05,13,1,0,0,14,0,0,0,0,0,0,2,0,0,0,0,9,0
2025-02-06,3,1,0,0,4,0,0,0,0,0,0,1,0,0,0,0,8,0
2025-02-07,2,0,1,0,38,0,0,0,1,0,0,2,0,0,0,0,63,0
2025-02-08,0,0,0,0,7,0,0,0,0,0,0,1,0,0,0,0,17,0
2025-02-09,1,1,0,0,2,0,0,0,0,0,0,0,0,0,0,0,10,0
2025-02-10,4,1,0,0,4,0,0,0,0,0,0,0,0,0,0,0,12,0
2025-02-11,14,0,0,0,92,0,0,1,0,0,0,19,0,0,0,0,194,1
2025-02-12,6,0,0,0,99,0,0,0,0,0,0,24,0,0,0,0,75,0
2025-02-13,30,0,2,0,19,0,0,1,0,0,0,7,0,0,0,0,133,0
2025-02-14,0,3,0,0,39,0,0,0,0,0,0,3,0,0,0,0,43,0
2025-02-15,0,0,0,0,6,0,0,0,0,0,0,3,0,0,0,0,35,0
2025-02-16,1,1,0,0,4,0,0,1,0,0,0,1,0,0,0,0,8,0
2025-02-17,0,0,0,0,9,0,0,0,0,0,0,2,0,0,0,0,9,0
2025-02-18,1,1,0,0,14,0,0,1,0,0,0,0,0,0,0,0,13,0
2025-02-19,2,0,0,0,7,0,0,0,0,0,0,0,0,0,0,0,3,0
2025-02-20,1,3,0,0,14,0,0,0,0,0,0,2,0,0,0,0,10,0
2025-02-21,0,0,0,0,25,0,0,0,1,0,0,1,0,0,0,0,15,0
2025-02-22,0,0,0,0,9,0,0,0,0,0,0,3,0,0,0,0,9,0
2025-02-23,0,0,0,0,6,0,0,0,0,0,0,4,0,0,0,0,9,0
2025-02-24,7,5,0,0,9,0,0,0,0,0,0,2,0,0,0,0,15,0
2025-02-25,3,0,0,0,10,0,0,1,0,0,0,0,0,0,0,0,18,0
2025-02-26,4,0,0,0,5,0,0,0,0,0,0,1,0,0,0,0,11,0
2025-02-27,3,0,1,0,14,0,0,0,0,0,0,1,0,0,0,0,5,0
2025-02-28,2,0,1,0,12,0,0,1,0,0,0,13,0,0,0,0,4,1
2025-03-01,1,0,0,0,1,0,0,0,1,0,0,1,0,0,0,0,1,1
2025-03-02,1,4,0,0,3,0,0,0,0,0,0,2,0,0,0,0,5,0
2025-03-03,18,0,0,0,2,0,0,0,0,0,0,1,0,0,0,0,5,0
2025-03-04,0,0,0,0,12,0,0,1,0,0,0,0,0,0,0,0,7,1
2025-03-05,0,0,0,0,5,0,0,0,0,0,0,1,0,0,0,0,2,0
2025-03-06,0,1,0,0,4,0,0,0,0,0,0,1,0,0,0,0,6,0
2025-03-07,3,0,0,0,1,0,0,0,0,0,0,2,0,0,0,0,1,1
2025-03-08,1,0,0,0,0,0,0,0,1,0,0,1,0,0,0,0,2,0
2025-03-09,0,0,0,0,4,0,0,0,0,0,0,2,0,0,0,0,2,0
2025-03-10,0,1,0,0,12,0,0,0,0,0,0,2,0,0,0,0,7,0
2025-03-11,3,0,0,0,7,0,0,0,0,0,0,1,0,0,0,0,4,0
2025-03-12,0,0,0,0,2,0,0,0,0,0,0,0,0,0,0,0,5,0
2025-03-13,6,0,0,0,21,0,0,0,0,0,0,0,0,0,0,0,5,0
2025-03-14,0,2,0,0,1,0,0,0,0,0,0,3,0,0,0,0,1,0
2025-03-15,1,0,0,0,7,0,0,0,0,0,0,1,0,0,0,0,3,0
2025-03-16,0,0,0,0,8,0,0,0,0,0,0,0,0,0,0,0,2,0
2025-03-17,1,0,0,0,6,0,0,0,0,0,0,0,0,0,0,0,2,0
2025-03-18,2,0,0,0,0,0,0,0,0,0,0,0,0,0,0,0,1,0
2025-03-19,1,0,0,0,7,0,0,0,0,0,0,1,0,0,0,0,0,0
2025-03-20,0,0,0,0,3,0,0,0,0,0,0,1,0,0,0,0,16,0
2025-03-21,0,0,0,0,12,0,0,0,0,0,0,0,0,0,0,0,5,0
2025-03-22,1,0,0,0,27,0,0,0,1,0,0,1,0,0,0,0,8,0
2025-03-23,0,0,0,0,34,0,0,1,0,0,0,6,0,0,0,0,2,0
2025-03-24,4,0,0,0,131,0,0,0,0,0,0,1,0,0,0,0,32,0
2025-03-25,16,3,0,0,162,0,0,0,0,0,0,1,0,0,0,0,3,0
2025-03-26,2,0,0,0,16,0,0,0,1,0,0,0,0,0,0,0,1,0
2025-03-27,2,0,0,0,8,0,0,0,1,0,0,0,0,0,0,0,3,0
2025-03-28,2,0,0,0,11,0,0,0,0,0,0,1,0,0,0,0,88,0
2025-03-29,0,0,0,0,15,0,0,0,1,0,0,2,0,0,0,0,25,0
2025-03-30,0,0,0,0,6,0,0,0,0,0,0,1,0,0,0,0,190,0
2025-03-31,1,0,0,0,2,0,0,1,0,0,0,3,0,0,0,0,22,0
2025-04-01,0,2,0,0,20,0,0,0,0,0,0,1,0,0,0,0,7,0
2025-04-02,11,0,0,0,8,0,0,0,0,0,0,0,0,0,0,0,5,0
2025-04-03,0,1,0,0,2,0,0,0,0,0,0,2,0,0,0,0,1,1
2025-04-04,5,0,0,0,3,0,0,0,0,0,0,0,0,0,0,0,7,0
2025-04-05,1,0,0,0,2,0,0,0,1,0,0,0,0,0,0,0,1,0
2025-04-06,0,0,0,0,3,0,0,0,0,0,0,1,0,0,0,0,1,0
2025-04-07,5,6,1,0,0,0,0,0,0,0,0,1,0,0,0,0,0,0
2025-04-08,11,0,0,0,42,0,0,0,0,0,0,0,0,0,0,0,157,0
2025-04-09,5,2,0,0,16,0,0,0,0,0,0,6,0,0,0,0,30,0
2025-04-10,3,0,0,0,6,0,0,0,0,0,0,1,0,0,0,0,6,0
2025-04-11,16,0,0,0,8,0,0,0,2,0,0,1,0,0,0,0,30,0
2025-04-12,26,0,0,0,8,0,0,0,1,0,0,0,0,0,0,0,5,1
2025-04-13,0,0,0,0,9,0,0,0,1,0,0,1,0,0,0,0,2,0
2025-04-14,6,1,0,0,3,0,0,0,0,0,0,2,0,0,0,0,4,0
2025-04-15,2,0,0,0,2,0,0,2,0,0,0,0,0,0,0,0,9,0
2025-04-16,3,1,0,0,33,0,0,0,1,0,0,2,0,0,0,0,5,0
2025-04-17,40,0,1,0,9,0,0,0,2,0,0,0,0,0,0,0,0,0
2025-04-18,5,1,0,0,1,0,0,0,1,0,0,0,0,0,0,0,4,0
2025-04-19,12,0,0,0,2,0,0,0,0,0,0,2,0,0,0,0,3,0
2025-04-20,1,3,0,0,1,0,0,0,1,0,0,8,0,0,0,0,1,0
2025-04-21,0,1,0,0,4,0,0,0,0,0,0,2,0,0,0,0,2,0
2025-04-22,16,0,0,0,22,0,0,0,0,0,0,0,0,0,0,0,25,0
2025-04-23,1,0,0,0,9,0,0,0,0,0,0,2,0,0,0,0,36,0
2025-04-24,13,0,0,0,10,0,0,0,1,0,0,0,0,0,0,0,25,0
2025-04-25,1,0,0,0,3,0,0,0,0,0,0,3,0,0,0,0,15,0
2025-04-26,0,0,0,0,8,0,0,0,0,0,0,0,0,0,0,0,12,0
2025-04-27,3,1,0,0,18,0,0,0,0,0,0,4,0,0,0,0,4,0
2025-04-28,0,2,0,0,6,0,0,0,0,0,0,1,0,0,0,0,1,0
2025-04-29,2,0,0,0,11,0,0,0,1,0,0,0,0,0,0,0,0,0
2025-04-30,2,1,0,0,9,0,0,0,0,0,0,1,0,0,0,0,1,0
2025-05-01,1,3,0,0,6,0,0,0,6,0,0,0,0,0,0,0,8,0
2025-05-02,5,1,0,0,11,0,0,0,0,0,0,1,0,0,0,0,16,0
2025-05-03,0,0,0,0,15,0,0,0,0,0,0,2,0,0,0,0,4,0
2025-05-04,1,0,0,0,72,0,0,0,1,0,0,2,0,0,0,0,2,0
2025-05-05,2,0,0,0,2,0,0,0,1,0,0,0,0,0,0,0,3,1
2025-05-06,14,1,3,0,1,0,0,0,0,0,0,1,0,0,0,0,2,0
2025-05-07,1,1,1,0,18,0,0,0,0,0,0,4,0,0,0,0,19,0
2025-05-08,1,0,0,0,13,0,0,0,0,0,0,0,0,0,0,0,2,0
2025-05-09,0,0,0,0,2,0,0,0,1,0,0,1,0,0,0,0,7,0
2025-05-10,1,0,0,0,2,0,0,0,0,0,0,0,0,0,0,0,1,0
2025-05-11,0,0,0,0,248,0,0,0,0,0,0,0,0,0,0,0,1,0
2025-05-12,0,1,6,0,42,0,0,0,0,0,0,0,0,0,0,0,2,0
2025-05-13,1,1,0,0,20,0,0,0,0,0,0,1,0,0,0,0,28,0
2025-05-14,1,0,0,0,16,0,0,0,1,0,0,2,0,0,0,0,10,0
2025-05-15,0,0,0,0,10,0,0,1,1,0,0,0,0,0,0,0,26,0
2025-05-16,1,0,0,0,28,0,0,0,0,0,0,0,0,0,0,0,13,0
2025-05-17,0,0,0,0,20,0,0,0,0,0,0,3,0,0,0,0,9,0
2025-05-18,0,0,0,0,43,0,0,0,0,0,0,1,0,0,0,0,14,0
2025-05-19,1,1,0,0,7,0,0,0,0,0,0,0,0,0,0,0,1,0
2025-05-20,3,0,0,0,4,0,0,0,4,0,0,0,0,0,0,0,1,0
2025-05-21,1,0,0,0,7,0,0,0,1,0,0,3,0,0,0,0,0,0
2025-05-22,1,0,1,0,1,0,0,1,0,0,0,1,0,0,0,0,2,0
2025-05-23,0,1,0,0,16,0,0,0,0,0,0,2,0,0,0,0,14,0
2025-05-24,0,0,0,0,2,0,0,0,0,0,0,0,0,0,0,0,5,0
2025-05-25,0,0,0,0,3,0,0,0,0,0,0,0,0,0,0,0,3,0
2025-05-26,0,0,0,0,1,0,0,0,0,0,0,0,0,0,0,0,0,0
2025-05-27,0,0,0,0,0,0,0,0,0,0,0,0,0,0,0,0,2,0
2025-05-28,0,0,1,0,4,0,0,0,0,0,0,1,0,0,0,0,8,0
2025-05-29,0,0,0,0,1,0,0,0,0,0,0,0,0,0,0,0,3,0
2025-05-30,0,0,0,0,11,0,0,0,0,0,0,0,0,0,0,0,1,0
2025-05-31,0,0,0,0,1,0,0,0,0,0,0,0,0,0,0,0,0,0
2025-06-01,0,2,0,0,2,0,0,0,0,0,0,0,0,0,0,0,0,0
2025-06-02,0,0,0,0,2,0,0,0,0,0,0,0,0,0,0,0,0,0
2025-06-03,1,0,0,0,1,0,0,0,0,0,0,0,0,0,0,0,1,0
2025-06-04,5,0,0,0,0,0,0,0,0,0,0,0,0,0,0,0,6,0
2025-06-05,1,2,0,0,4,0,0,0,0,0,0,0,0,0,0,0,11,0
2025-06-06,1,0,1,0,1,0,0,0,0,0,0,0,0,0,0,0,0,0
2025-06-07,0,0,0,0,13,0,0,0,0,0,0,1,0,0,0,0,0,0
2025-06-08,0,0,0,0,1,0,0,0,0,0,0,1,0,0,0,0,5,2
2025-06-09,1,0,0,0,5,0,0,0,0,0,0,0,0,0,0,0,11,0
2025-06-10,7,0,0,0,5,0,0,0,0,0,0,3,0,0,0,0,0,0
2025-06-11,2,1,0,0,1,0,0,0,0,0,0,0,0,0,0,0,1,0
2025-06-12,4,3,1,0,3,0,0,0,1,0,0,0,0,0,0,0,0,1
2025-06-13,0,0,0,0,5,0,0,0,0,0,0,0,0,0,0,0,74,0
2025-06-14,1,0,0,0,7,0,0,0,0,0,0,0,0,0,0,0,60,0
2025-06-15,5,1,0,0,5,0,0,0,0,0,0,3,0,0,0,0,5,0
2025-06-16,107,1,1,0,2,0,0,0,0,0,0,1,0,0,0,0,2,0
2025-06-17,13,0,0,0,0,0,0,0,0,0,0,3,0,0,0,0,1,1
2025-06-18,2,0,0,0,4,0,0,0,0,0,0,4,0,0,0,0,18,0
2025-06-19,3,4,0,0,17,0,0,1,0,0,0,1,0,0,0,0,38,0
2025-06-20,1,0,0,0,16,0,0,1,0,0,0,3,0,0,0,0,59,0
2025-06-21,3,0,0,0,5,0,0,0,0,0,0,2,0,0,0,0,12,0
2025-06-22,0,0,0,0,2,0,0,0,0,0,0,0,0,0,0,0,1,0
2025-06-23,10,0,0,0,3,0,0,0,2,0,0,2,0,0,0,0,7,0
2025-06-24,0,0,0,0,45,0,0,0,1,0,0,0,0,0,0,0,14,0
2025-06-25,0,1,0,0,27,0,0,0,0,0,0,0,0,0,0,0,4,0
2025-06-26,0,3,0,0,17,0,0,0,0,0,0,1,0,0,0,0,0,0
2025-06-27,3,2,0,0,38,0,0,0,0,0,0,0,0,0,0,0,0,0
2025-06-28,3,0,0,0,31,0,0,0,0,0,0,0,0,0,0,0,8,0
2025-06-29,16,0,0,0,10,0,0,0,0,0,0,0,0,0,0,0,0,0
2025-06-30,7,0,0,0,2,0,0,0,1,0,0,0,0,0,0,0,1,0
2025-07-01,12,0,0,0,4,0,0,0,0,0,0,0,0,0,0,0,4,1
2025-07-02,2,5,0,0,6,0,0,0,0,0,0,0,0,0,0,0,2,0
2025-07-03,1,0,0,0,2,0,0,0,0,0,0,0,0,0,0,0,1,0
2025-07-04,0,0,0,0,8,0,0,0,0,0,0,0,0,0,0,0,9,0
2025-07-05,0,0,0,0,3,0,0,0,0,0,0,1,0,0,0,0,1,0
2025-07-06,1,1,0,0,3,0,0,0,0,0,0,1,0,0,0,0,3,0
2025-07-07,38,1,0,0,3,0,0,0,0,0,0,0,0,0,0,0,1,0
2025-07-08,1,0,0,0,7,0,0,0,0,0,0,0,0,0,0,0,2,0
2025-07-09,2,0,0,0,4,0,0,0,0,0,0,2,0,0,0,0,2,0
2025-07-10,1,0,0,0,0,0,0,0,0,0,0,0,0,0,0,0,4,2
2025-07-11,0,0,0,0,0,0,0,0,0,0,0,0,0,0,0,0,13,0
2025-07-12,0,0,0,0,0,0,0,0,2,0,0,0,0,0,0,0,0,0
2025-07-13,0,0,0,0,0,0,0,0,1,0,0,2,0,0,0,0,0,0
2025-07-14,0,0,0,0,1,1,0,0,0,0,0,0,0,0,0,0,19,0
2025-07-15,4,1,0,0,3,0,0,0,0,0,0,0,0,0,0,0,9,0
2025-07-16,3,1,0,0,2,0,0,0,0,0,0,0,0,0,0,0,2,0
2025-07-17,4,0,0,0,12,0,0,0,0,0,0,0,0,0,0,0,37,0
2025-07-18,10,0,1,0,7,0,0,0,0,0,0,0,0,0,0,0,5,0
2025-07-19,4,0,0,0,1,0,0,0,0,0,0,0,0,0,0,0,1,0
2025-07-20,1,0,0,0,1,0,0,0,0,0,0,0,0,0,0,0,6,0
2025-07-21,3,1,0,0,5,0,0,2,0,0,0,2,0,0,0,0,22,0
2025-07-22,1,0,0,0,4,0,0,0,0,0,0,0,0,0,0,0,3,0
2025-07-23,1,0,0,0,1,0,0,0,0,0,0,1,0,0,0,0,14,0
2025-07-24,0,0,0,0,9,0,0,1,0,0,0,0,0,0,0,0,11,0
2025-07-25,0,1,0,0,1,0,0,0,0,0,0,1,0,0,0,0,2,0
2025-07-26,4,0,0,0,6,1,0,0,0,0,0,1,0,0,0,0,3,0
2025-07-27,0,0,0,0,4,0,0,0,0,0,0,0,0,0,0,0,4,0
2025-07-28,1,1,0,0,5,0,0,0,0,0,0,2,0,0,0,0,8,1
2025-07-29,1,1,0,0,1,0,0,0,0,0,0,1,0,0,0,0,15,1
2025-07-30,3,0,0,0,9,0,0,1,0,0,0,2,0,0,0,0,50,0
2025-07-31,0,0,1,0,18,0,0,0,1,0,0,1,0,0,0,0,59,0
2025-08-01,16,2,0,0,5,0,0,0,0,0,0,0,0,0,0,0,16,0
2025-08-02,0,1,0,0,3,0,0,0,0,0,0,1,0,0,0,0,0,0
2025-08-03,0,0,0,0,5,0,0,0,2,0,0,1,0,0,0,0,4,0
2025-08-04,6,0,0,0,1,0,0,0,0,0,0,0,0,0,0,0,1,0
2025-08-05,2,0,0,0,1,0,0,0,0,0,0,2,0,0,0,0,1,1
2025-08-06,0,0,0,0,3,0,0,0,0,0,0,0,0,0,0,0,4,0
2025-08-07,0,0,0,0,1,0,0,0,0,0,0,0,0,0,0,0,1,0
2025-08-08,0,0,0,0,1,0,0,0,0,0,0,0,0,0,0,0,1,0
2025-08-09,6,2,0,0,0,0,0,0,0,0,0,1,0,0,0,0,4,0
2025-08-10,0,0,1,0,1,0,0,0,0,0,0,0,0,0,0,0,1,0
2025-08-11,2,0,0,0,1,0,0,0,0,0,0,3,0,0,0,0,0,0
2025-08-12,1,1,1,0,13,0,0,0,0,0,0,1,0,0,0,0,2,1
2025-08-13,1,0,0,0,0,0,0,0,0,0,0,0,0,0,0,0,0,0
2025-08-14,1,1,0,0,2,0,0,0,0,0,0,1,0,0,0,0,7,0
2025-08-15,1,0,0,0,1,0,0,0,0,0,0,3,0,0,0,0,0,0
2025-08-16,1,0,0,0,3,0,0,0,0,0,0,0,0,0,0,0,11,0
2025-08-17,0,0,0,0,0,0,0,0,0,0,0,2,0,0,0,0,3,0
2025-08-18,2,0,0,0,5,0,0,0,0,0,0,0,0,0,0,0,6,0
2025-08-19,5,1,0,0,10,0,0,0,0,0,0,0,0,0,0,0,4,0
2025-08-20,10,0,0,0,5,0,0,0,0,0,0,0,0,0,0,0,4,0
2025-08-21,5,4,0,0,20,0,0,0,0,0,0,0,0,0,0,0,24,0
2025-08-22,1,0,0,0,8,0,0,0,0,0,0,1,0,0,0,0,10,0
2025-08-23,5,1,0,0,16,0,0,1,0,0,0,0,0,0,0,0,6,0
2025-08-24,2,1,0,0,9,0,0,0,0,0,0,0,0,0,0,0,3,0
2025-08-25,1,1,0,0,3,0,0,0,0,0,0,1,0,0,0,0,3,0
2025-08-26,4,1,0,0,13,0,0,0,0,0,0,2,0,0,0,0,15,1
2025-08-27,3,0,0,0,10,0,0,0,1,0,0,0,0,0,0,0,2,0
2025-08-28,3,0,0,0,3,0,0,0,0,0,0,1,0,0,0,0,3,0
2025-08-29,2,2,0,0,10,0,0,0,0,0,0,0,0,0,0,0,23,0
2025-08-30,1,0,0,0,5,0,0,0,0,0,0,1,0,0,0,0,2,0
2025-08-31,2,0,0,0,7,0,0,0,0,0,0,0,0,0,0,0,0,0
2025-09-01,0,2,1,0,5,0,0,0,0,0,0,0,0,0,0,0,4,0
2025-09-02,0,0,3,0,9,0,0,0,0,0,0,1,0,0,0,0,2,1
2025-09-03,0,1,0,0,2,0,0,0,0,0,0,2,0,0,0,0,3,0
2025-09-04,0,1,0,0,1,0,0,0,0,0,0,0,0,0,0,0,2,0
2025-09-05,3,1,0,0,3,0,0,0,0,0,0,0,0,0,0,0,24,0
2025-09-06,0,0,0,0,4,0,0,0,0,0,0,0,0,0,0,0,61,0
2025-09-07,3,0,0,0,2,0,0,0,0,0,0,1,0,0,0,0,10,0
2025-09-08,1,0,0,0,0,0,0,0,0,0,0,0,0,0,0,0,3,0
2025-09-09,8,0,0,0,4,0,0,1,1,0,0,0,0,0,0,0,17,0
2025-09-10,6,0,0,0,3,0,0,0,0,0,0,1,0,0,0,0,7,0
2025-09-11,7,1,0,0,7,0,0,0,0,0,0,1,0,0,0,0,3,0
2025-09-12,3,0,0,0,6,0,0,0,0,0,0,0,0,0,0,0,4,0
2025-09-13,2,0,0,0,3,0,0,0,0,0,0,1,0,0,0,0,3,0
2025-09-14,3,3,0,0,8,0,0,0,1,0,0,1,0,0,0,0,5,1
2025-09-15,1,1,0,0,7,0,0,0,0,0,0,1,0,0,0,0,44,0
2025-09-16,0,0,0,0,11,0,0,0,0,0,0,0,0,0,0,0,18,0
2025-09-17,8,1,0,0,18,0,0,0,1,0,0,1,0,0,0,0,17,0
2025-09-18,1,0,0,0,7,0,0,0,1,0,0,2,0,0,0,0,3,1
2025-09-19,74,2,0,0,9,0,0,0,0,0,0,1,0,0,0,0,1,0
2025-09-20,5,3,0,0,2,0,0,0,0,0,0,1,0,0,0,0,1,1
2025-09-21,1,1,0,0,3,0,0,0,0,0,0,0,0,0,0,0,1,0
2025-09-22,1,2,0,0,7,0,0,1,0,0,0,1,0,0,0,0,7,0
2025-09-23,1,0,0,0,1,0,0,0,0,0,0,1,0,0,0,0,15,0
2025-09-24,1,0,0,0,3,0,0,0,0,0,0,1,0,0,0,0,6,0
2025-09-25,1,0,0,0,4,0,0,0,0,0,0,4,0,0,0,0,4,0
2025-09-26,0,0,0,0,0,0,0,0,1,0,0,0,0,0,0,0,3,0
2025-09-27,0,0,0,0,4,0,0,0,1,0,0,0,0,0,0,0,11,0
2025-09-28,1,0,0,0,1,0,0,0,0,0,0,0,0,0,0,0,1,0
2025-09-29,1,1,0,0,12,0,0,0,0,0,0,0,0,0,0,0,18,0
2025-09-30,0,0,0,0,8,0,0,0,0,0,0,10,0,0,0,0,6,0
2025-10-01,0,0,0,0,1,0,0,0,0,0,0,0,0,0,0,0,11,0
2025-10-02,3,3,0,0,2,0,0,0,0,0,0,2,0,0,0,0,0,0
2025-10-03,2,0,0,0,2,0,0,0,0,0,0,0,0,0,0,0,4,0
2025-10-04,4,1,0,0,1,0,0,0,0,0,0,0,0,0,0,0,0,0
2025-10-05,4,0,0,0,1,0,0,0,1,0,0,1,0,0,0,0,0,0
2025-10-06,0,1,0,0,0,0,0,0,0,0,0,0,0,0,0,0,0,0
2025-10-07,0,0,0,0,3,0,0,0,0,0,0,1,0,0,0,0,0,0
2025-10-08,0,0,0,0,2,0,0,0,0,0,0,0,0,0,0,0,0,0
2025-10-09,4,5,0,0,4,0,0,0,0,0,0,0,0,0,0,0,3,0
2025-10-10,0,0,0,0,8,0,0,0,1,0,0,2,0,0,0,0,13,1
2025-10-11,0,0,0,0,2,0,0,0,2,0,0,0,0,0,0,0,1,0
2025-10-12,1,0,0,0,10,0,0,0,2,0,0,2,0,0,0,0,0,0
2025-10-13,13,4,0,0,30,0,0,0,0,0,0,0,0,0,0,0,0,0
2025-10-14,3,1,0,0,6,0,0,0,0,0,0,0,0,0,0,0,4,0
2025-10-15,24,2,0,0,43,0,0,0,0,0,0,3,0,0,0,0,57,0
2025-10-16,3,0,0,0,10,0,0,0,0,0,0,0,0,0,0,0,15,0
2025-10-17,4,0,0,0,3,0,0,0,0,0,0,1,0,0,0,0,6,0
2025-10-18,1,0,0,0,2,0,0,0,0,0,0,2,0,0,0,0,0,0
2025-10-19,1,0,0,0,2,0,0,0,0,0,0,0,0,0,0,0,1,0
2025-10-20,0,0,1,0,1,0,0,0,1,0,0,0,0,0,0,0,3,0
2025-10-21,4,2,0,0,4,0,0,0,0,0,0,1,0,0,0,0,0,0
2025-10-22,3,0,0,0,6,0,0,0,0,0,0,0,0,0,0,0,2,0
2025-10-23,6,0,0,0,5,0,0,0,0,0,0,0,0,0,0,0,15,0
2025-10-24,0,1,0,0,4,0,0,0,0,0,0,1,0,0,0,0,75,0
2025-10-25,1,0,0,0,0,0,0,0,0,0,0,4,0,0,0,0,11,0
2025-10-26,1,1,0,0,2,0,0,0,0,0,0,2,0,0,0,0,3,0
2025-10-27,36,1,0,0,0,0,0,0,0,0,0,3,0,0,0,0,10,0
2025-10-28,9,1,0,0,7,0,0,0,0,0,0,2,0,0,0,0,32,0
2025-10-29,3,0,0,0,2,0,0,1,2,0,0,0,0,0,0,0,14,0
2025-10-30,1,1,0,0,1,0,0,0,0,0,0,3,0,0,0,0,44,0
2025-10-31,2,0,3,0,3,0,0,1,0,0,0,1,0,0,0,0,23,0
2025-11-01,0,3,0,0,4,0,0,0,0,0,0,1,0,0,0,0,5,0
2025-11-02,0,0,0,0,4,0,0,0,0,0,0,0,0,0,0,0,3,0
2025-11-03,0,2,0,0,0,0,0,0,0,0,0,0,0,0,0,0,3,0
2025-11-04,0,0,1,0,1,0,0,0,0,0,0,0,0,0,0,0,36,0
2025-11-05,0,0,0,0,0,0,0,0,0,0,0,1,0,0,0,0,11,0
2025-11-06,2,0,0,0,0,0,0,0,0,0,0,0,0,0,0,0,14,0
2025-11-07,0,0,0,0,2,0,0,0,0,0,0,0,0,0,0,0,0,0
2025-11-08,0,0,0,0,4,0,0,0,0,0,0,0,0,0,0,0,5,1
2025-11-09,4,0,0,0,0,0,0,0,0,0,0,0,0,0,0,0,1,0
2025-11-10,3,0,0,0,7,0,0,0,1,0,0,0,0,0,0,0,4,0
2025-11-11,0,0,0,0,3,0,0,0,0,0,0,2,0,0,0,0,44,0
2025-11-12,0,2,0,0,1,0,0,0,0,0,0,0,0,0,0,0,8,0
2025-11-13,0,0,0,0,11,0,0,0,0,0,0,2,0,0,0,0,1,0
2025-11-14,4,0,0,0,12,0,0,0,0,0,0,0,0,0,0,0,10,0
2025-11-15,1,0,0,0,6,0,0,0,0,0,0,0,0,0,0,0,2,0
2025-11-16,0,0,0,0,27,0,0,0,0,0,0,1,0,0,0,0,18,0
2025-11-17,0,1,0,0,12,0,0,0,1,0,0,2,0,0,0,0,19,0
2025-11-18,2,0,0,0,10,0,0,0,2,0,0,0,0,0,0,0,12,0
2025-11-19,0,0,0,0,2,0,0,0,0,0,0,2,0,0,0,0,0,3
2025-11-20,1,0,0,0,1,0,0,0,0,0,0,1,0,0,0,0,7,0
2025-11-21,0,0,0,0,3,0,0,0,0,0,0,8,0,0,0,0,5,0
2025-11-22,0,0,0,0,3,0,0,0,0,0,0,1,0,0,0,0,0,0
2025-11-23,0,0,0,0,6,0,0,0,0,0,0,2,0,0,0,0,17,1
2025-11-24,0,0,0,0,6,0,0,0,1,0,0,0,0,0,0,0,8,0
2025-11-25,0,0,0,0,5,0,0,0,0,0,0,1,0,0,0,0,2,0
2025-11-26,0,1,0,0,2,0,0,0,0,0,0,1,0,0,0,0,3,1
2025-11-27,1,2,0,0,0,0,0,0,0,0,0,1,0,0,0,0,8,0
2025-11-28,0,0,0,0,4,0,0,0,0,0,0,0,0,0,0,0,4,0
2025-11-29,1,0,0,0,3,0,0,0,3,0,0,2,0,0,0,0,0,0
2025-11-30,2,0,0,0,1,0,0,0,0,0,0,1,0,0,0,0,0,0
2025-12-01,1,2,0,0,2,0,0,0,1,0,0,0,0,0,0,0,4,0
2025-12-02,10,1,0,0,5,0,0,0,0,0,0,3,0,0,0,0,0,0
2025-12-03,1,0,0,0,4,0,0,0,0,0,0,1,0,0,0,0,0,0
2025-12-04,4,1,0,0,9,0,0,0,1,0,0,0,0,0,0,0,6,0
2025-12-05,2,0,0,0,10,0,0,0,4,0,0,2,0,0,0,0,7,0
2025-12-06,1,0,0,0,11,0,0,0,1,0,0,6,0,0,0,0,0,0
2025-12-07,0,0,30,0,45,0,0,0,0,0,0,1,0,0,0,0,15,0
2025-12-08,2,0,0,0,36,0,0,0,1,0,0,2,0,0,0,0,5,0
2025-12-09,0,0,0,0,11,0,0,0,0,0,0,0,0,0,0,0,3,0
2025-12-10,0,0,1,0,9,0,0,0,0,0,0,1,0,0,0,0,1,0
2025-12-11,0,0,0,0,5,0,0,0,0,0,0,2,0,0,0,0,0,0
2025-12-12,0,0,0,0,2,0,0,0,1,0,0,4,0,0,0,0,2,0
2025-12-13,0,0,0,0,3,0,0,0,2,0,0,2,0,0,0,0,5,0
2025-12-14,0,0,0,0,2,0,0,0,0,0,0,2,0,0,0,0,0,0
2025-12-15,0,0,0,0,1,0,0,0,2,0,0,2,0,0,0,0,2,0
2025-12-16,0,1,0,0,7,0,0,1,0,0,0,2,0,0,0,0,1,0
2025-12-17,0,2,0,0,0,0,0,0,1,0,0,0,0,0,0,0,0,0
2025-12-18,0,0,0,0,4,0,0,0,0,0,0,1,0,0,0,0,2,0
2025-12-19,0,0,0,0,4,0,0,0,0,0,0,1,0,0,0,0,0,0
2025-12-20,0,0,0,0,1,0,0,0,1,0,0,1,0,0,0,0,0,0
2025-12-21,4,0,0,0,0,0,0,0,2,0,0,0,0,0,0,0,0,1
2025-12-22,1,0,0,0,0,0,0,0,1,0,0,2,0,0,0,0,0,0
2025-12-23,2,0,0,0,3,0,0,0,1,0,0,0,0,0,0,0,1,0
2025-12-24,1,0,0,0,2,0,0,0,0,0,0,1,0,0,0,0,0,0
2025-12-25,0,0,0,0,3,0,0,0,0,0,0,0,0,0,0,0,0,0
2025-12-26,0,0,0,0,3,0,0,0,1,0,0,0,0,0,0,0,1,0
2025-12-27,0,0,0,0,7,0,0,0,0,0,0,0,0,0,0,0,0,0
2025-12-28,0,0,0,0,1,0,0,0,0,0,0,1,0,0,0,0,0,0
2025-12-29,3,0,0,0,3,0,0,0,0,0,0,2,0,0,0,0,1,0
2025-12-30,0,0,0,0,4,0,0,0,0,0,0,1,0,0,0,0,0,0
2025-12-31,0,3,0,0,1,0,0,0,0,0,0,0,0,0,0,0,7,0
2026-01-01,0,0,1,0,3,0,0,0,0,0,0,2,0,0,0,0,8,0
2026-01-02,1,0,0,0,0,0,0,0,0,0,0,2,0,0,0,0,3,0
2026-01-03,0,0,0,0,5,0,0,0,0,0,0,0,0,0,0,0,0,0
2026-01-04,0,0,0,0,2,0,0,0,1,0,0,2,0,0,0,0,0,0
2026-01-05,0,0,0,0,1,0,0,0,9,0,0,0,0,0,0,0,0,0
2026-01-06,0,0,0,0,4,0,0,1,0,0,0,0,0,0,0,0,1,0
2026-01-07,0,1,0,0,2,0,0,0,1,0,0,2,0,0,0,0,2,0
2026-01-08,1,0,0,0,5,0,0,0,0,0,0,2,0,0,0,0,0,0
2026-01-09,0,0,0,0,3,0,0,0,0,0,0,1,0,0,0,0,0,0
2026-01-10,0,0,0,0,2,0,0,0,1,0,0,1,0,0,0,0,2,0
2026-01-11,0,0,0,0,6,0,0,0,0,0,0,0,0,0,0,0,1,0
2026-01-12,7,1,0,0,1,0,0,0,0,0,0,0,0,0,0,0,3,0
2026-01-13,1,1,0,0,0,0,0,0,0,0,0,0,0,0,0,0,1,0
2026-01-14,7,1,0,0,1,0,0,0,0,0,0,4,0,0,0,0,1,0
2026-01-15,0,0,0,0,3,0,0,0,0,0,0,1,0,0,0,0,2,0
2026-01-16,2,2,0,0,1,0,0,0,0,0,0,0,0,0,0,0,0,0
2026-01-17,0,2,0,0,1,0,0,0,0,0,0,0,0,0,0,0,0,0
2026-01-18,0,0,0,0,1,0,0,0,0,0,0,1,0,0,0,0,0,0
2026-01-19,2,1,0,0,0,0,0,0,0,0,0,1,0,0,0,0,0,0
2026-01-20,0,1,0,0,1,0,0,0,0,0,0,0,0,0,0,0,0,0
2026-01-21,0,0,0,0,1,0,0,0,0,0,0,2,0,0,0,0,1,1
2026-01-22,1,0,0,0,0,0,0,0,0,0,0,0,0,0,0,0,0,0
2026-01-23,2,0,0,0,2,0,0,0,0,0,0,0,0,0,0,0,0,0
2026-01-24,0,0,0,0,1,0,0,0,0,0,0,0,0,0,0,0,0,0
2026-01-25,0,0,0,0,4,0,0,0,0,0,0,0,0,0,0,0,1,0
2026-01-26,2,0,0,0,1,0,0,0,0,0,0,4,0,0,0,0,12,0
2026-01-27,4,0,0,0,1,0,0,0,0,0,0,6,0,0,0,0,2,0
2026-01-28,1,0,0,0,2,0,0,0,0,0,0,0,0,0,0,0,2,0
2026-01-29,2,5,0,0,2,0,0,0,0,0,0,2,0,0,0,0,1,0
2026-01-30,1,0,0,0,2,0,0,0,0,0,0,2,0,0,0,0,0,0
2026-01-31,0,0,0,0,0,0,0,0,0,0,0,1,0,0,0,0,0,0
2026-02-01,3,0,0,0,1,0,0,0,1,0,0,0,0,0,0,0,1,0
2026-02-02,0,0,0,0,1,0,0,1,0,0,0,0,0,0,0,0,1,1
2026-02-03,0,0,0,0,9,0,0,0,0,0,0,0,0,0,0,0,0,0
2026-02-04,15,0,0,0,9,0,0,0,3,0,0,0,0,0,0,0,0,0
2026-02-05,0,0,0,0,6,0,0,0,1,0,0,1,0,0,0,0,0,0
2026-02-06,1,2,0,0,3,0,0,0,0,0,0,0,0,0,0,0,1,0
2026-02-07,0,0,0,0,1,0,0,0,0,0,0,0,0,0,0,0,0,0
2026-02-08,1,0,0,0,0,0,0,0,0,0,0,0,0,0,0,0,1,0
2026-02-09,0,1,1,0,1,0,0,0,0,0,0,1,0,0,0,0,2,0
2026-02-10,0,2,0,0,14,0,0,0,0,0,0,0,0,0,0,0,0,0
2026-02-11,1,0,0,0,7,0,0,0,0,0,0,3,0,0,0,0,0,1
2026-02-12,0,0,0,0,8,0,0,0,0,0,0,0,0,0,0,0,2,0
2026-02-13,0,1,0,0,19,0,0,0,0,0,0,0,0,0,0,0,0,0
2026-02-14,0,0,0,0,10,0,0,0,0,0,0,0,0,0,0,0,0,0
2026-02-15,0,0,0,0,5,0,0,0,0,0,0,0,0,0,0,0,0,0
2026-02-16,0,0,0,0,1,0,0,0,0,0,0,0,0,0,0,0,1,0
2026-02-17,1,0,0,0,1,0,0,0,0,0,0,1,0,0,0,0,0,0
2026-02-18,0,0,0,0,0,0,0,1,0,0,0,0,0,0,0,0,1,0
2026-02-19,1,0,0,0,2,0,0,0,0,0,0,0,0,0,0,0,0,0
2026-02-20,0,1,0,0,2,0,0,0,0,0,0,0,0,0,0,0,0,0
2026-02-21,0,0,0,0,2,0,0,0,0,0,0,0,0,0,0,0,0,0
2026-02-22,2,0,0,0,4,0,0,0,0,0,0,0,0,0,0,0,0,0
2026-02-23,4,0,0,0,3,0,0,0,0,0,0,3,0,0,0,0,0,0
2026-02-24,0,0,0,0,4,0,0,0,1,0,0,0,0,0,0,0,1,0
2026-02-25,0,0,0,0,0,0,0,0,0,0,0,2,0,0,0,0,0,0
2026-02-26,0,3,0,0,2,0,0,0,0,0,0,0,0,0,0,0,0,0
2026-02-27,0,0,0,0,2,0,0,0,1,0,0,0,0,0,0,0,0,0
2026-02-28,1,0,0,0,0,0,0,0,1,0,0,0,0,0,0,0,0,0
2026-03-01,0,0,0,0,1,0,0,0,0,0,0,0,0,0,0,0,0,0
2026-03-02,0,0,0,0,1,0,0,0,0,0,0,0,0,0,0,0,1,0
2026-03-03,0,0,0,0,0,0,0,0,1,0,0,0,0,0,0,0,0,0
2026-03-04,1,0,0,0,2,0,0,0,0,0,0,0,0,0,0,0,1,0
2026-03-05,0,0,0,0,4,0,0,0,4,0,0,0,0,0,0,0,0,0
2026-03-07,0,0,0,0,2,0,0,0,0,0,0,0,0,0,0,0,1,1
2026-03-08,3,0,0,0,1,0,0,0,0,0,0,0,0,0,0,0,0,0
2026-03-09,0,0,0,0,4,0,0,0,1,0,0,0,0,0,0,0,1,0
2026-03-10,0,0,0,0,0,0,0,1,1,0,0,0,0,0,0,0,1,0
2026-03-12,4,0,0,0,1,0,0,0,1,0,0,0,0,0,0,0,0,0
2026-03-13,0,0,0,0,1,0,0,0,0,0,0,0,0,0,0,0,2,0
2026-03-15,0,1,0,0,3,0,0,0,0,0,0,0,0,0,0,0,0,0
2026-03-16,5,0,0,0,0,0,0,0,0,0,0,0,0,0,0,0,0,0
2026-03-17,25,0,0,0,1,0,0,0,0,0,0,0,0,0,0,0,0,0
2026-03-18,0,0,0,0,6,0,0,0,0,0,0,0,0,0,0,0,0,0
2026-03-19,1,0,3,0,1,0,0,0,1,0,0,0,0,0,0,0,0,0
2026-03-21,1,0,0,0,0,0,0,0,0,0,0,0,0,0,0,0,0,0
2026-03-22,4,0,0,0,2,0,0,0,0,0,0,0,0,0,0,0,46,0
2026-03-23,0,0,0,0,2,0,0,0,0,0,0,0,0,0,0,0,2,0
2026-03-24,1,0,0,0,15,0,0,0,0,0,0,0,0,0,0,0,1,0
2026-03-25,1,0,0,0,6,0,0,0,0,0,0,0,0,0,0,0,0,0
2026-03-26,1,0,0,0,0,0,0,0,0,0,0,0,0,0,0,0,0,0
2026-03-27,0,0,0,0,1,0,0,0,0,0,0,0,0,0,0,0,0,0
2026-03-28,3,0,0,0,4,0,0,0,1,0,0,0,0,0,0,0,1,0
2026-03-29,0,0,0,0,1,0,0,0,0,0,0,0,0,0,0,0,0,0
2026-03-30,0,0,0,0,2,0,0,0,0,0,0,0,0,0,0,0,0,0
2026-03-31,12,0,0,0,0,0,0,0,0,0,0,0,0,0,0,0,0,1
2026-04-01,2,1,0,0,5,0,0,0,0,0,0,0,0,0,0,0,0,0
2026-04-02,0,0,0,0,1,0,0,0,0,0,0,0,0,0,0,0,1,0
